SET SQL_MODE = "NO_AUTO_VALUE_ON_ZERO";
START TRANSACTION;
SET time_zone = "+00:00";

INSERT INTO `categories` (`id`, `name`, `name_en`, `created_at`, `updated_at`) VALUES
(5, '零食', 'Snack', '2021-05-11 01:39:19', '2021-05-11 01:39:19'),
(6, '麦片', 'Oatmeal', '2021-05-11 01:43:56', '2021-05-11 01:43:56'),
(8, '面类', 'Noodles', '2021-05-11 01:43:56', '2021-05-11 01:43:56'),
(9, '饮料', 'Beverage', '2021-05-11 01:43:56', '2021-05-11 01:43:56'),
(10, '酒类', 'Alcohol', '2021-05-11 01:43:56', '2021-05-11 01:43:56'),
(11, '包点与点心', 'Buns', '2021-05-11 01:43:56', '2021-05-11 01:43:56'),
(12, '果冻', 'Jelly', '2021-05-14 01:06:55', '2021-05-14 01:06:55'),
(13, '酸奶饮料', 'Yogurt', '2021-05-14 01:06:55', '2021-05-14 01:06:55'),
(15, '酱料＆火锅底料', 'Sauces & Hotpot Base', '2021-05-14 11:52:24', '2021-05-14 19:36:34'),
(18, '腌制品', 'Preserved food', '2021-05-15 05:16:58', '2021-05-15 05:16:58'),
(16, '火锅料', 'Hotpot', '2021-05-14 11:53:57', '2021-05-14 19:39:19');


INSERT INTO `category_item` (`item_id`, `category_id`, `created_at`, `updated_at`) VALUES
(2, 2, NULL, NULL),
(5, 5, NULL, NULL),
(3, 5, NULL, NULL),
(4, 5, NULL, NULL),
(6, 5, NULL, NULL),
(7, 5, NULL, NULL),
(8, 5, NULL, NULL),
(9, 5, NULL, NULL),
(2, 10, NULL, NULL),
(10, 5, NULL, NULL),
(11, 5, NULL, NULL),
(12, 5, NULL, NULL),
(13, 5, NULL, NULL),
(14, 5, NULL, NULL),
(71, 16, NULL, NULL),
(16, 5, NULL, NULL),
(17, 5, NULL, NULL),
(18, 5, NULL, NULL),
(19, 11, NULL, NULL),
(20, 11, NULL, NULL),
(21, 11, NULL, NULL),
(22, 11, NULL, NULL),
(23, 11, NULL, NULL),
(24, 11, NULL, NULL),
(25, 11, NULL, NULL),
(26, 11, NULL, NULL),
(27, 11, NULL, NULL),
(28, 11, NULL, NULL),
(29, 11, NULL, NULL),
(15, 5, NULL, NULL),
(31, 11, NULL, NULL),
(32, 11, NULL, NULL),
(33, 11, NULL, NULL),
(34, 11, NULL, NULL),
(35, 11, NULL, NULL),
(36, 11, NULL, NULL),
(37, 10, NULL, NULL),
(38, 10, NULL, NULL),
(39, 9, NULL, NULL),
(79, 9, NULL, NULL),
(41, 9, NULL, NULL),
(42, 9, NULL, NULL),
(72, 16, NULL, NULL),
(44, 9, NULL, NULL),
(45, 9, NULL, NULL),
(77, 2, NULL, NULL),
(47, 9, NULL, NULL),
(43, 13, NULL, NULL),
(48, 13, NULL, NULL),
(50, 9, NULL, NULL),
(51, 9, NULL, NULL),
(30, 11, NULL, NULL),
(53, 8, NULL, NULL),
(52, 8, NULL, NULL),
(55, 8, NULL, NULL),
(56, 8, NULL, NULL),
(57, 8, NULL, NULL),
(58, 8, NULL, NULL),
(59, 8, NULL, NULL),
(60, 8, NULL, NULL),
(61, 8, NULL, NULL),
(62, 8, NULL, NULL),
(63, 8, NULL, NULL),
(64, 8, NULL, NULL),
(65, 8, NULL, NULL),
(66, 8, NULL, NULL),
(54, 8, NULL, NULL),
(74, 16, NULL, NULL),
(73, 16, NULL, NULL),
(67, 16, NULL, NULL),
(68, 16, NULL, NULL),
(69, 16, NULL, NULL),
(75, 16, NULL, NULL),
(92, 16, NULL, NULL),
(84, 16, NULL, NULL),
(93, 15, NULL, NULL),
(77, 6, NULL, NULL),
(76, 2, NULL, NULL),
(65, 3, NULL, NULL),
(62, 2, NULL, NULL),
(61, 4, NULL, NULL),
(59, 4, NULL, NULL),
(56, 4, NULL, NULL),
(118, 2, NULL, NULL),
(118, 8, NULL, NULL),
(117, 4, NULL, NULL),
(58, 2, NULL, NULL),
(51, 3, NULL, NULL),
(119, 2, NULL, NULL),
(119, 5, NULL, NULL),
(16, 4, NULL, NULL),
(14, 2, NULL, NULL),
(13, 3, NULL, NULL),
(12, 3, NULL, NULL),
(11, 3, NULL, NULL),
(10, 6, NULL, NULL),
(9, 3, NULL, NULL),
(7, 2, NULL, NULL),
(5, 4, NULL, NULL),
(38, 2, NULL, NULL),
(37, 2, NULL, NULL),
(40, 9, NULL, NULL),
(78, 9, NULL, NULL),
(81, 13, NULL, NULL),
(80, 2, NULL, NULL),
(49, 13, NULL, NULL),
(81, 2, NULL, NULL),
(80, 13, NULL, NULL),
(83, 5, NULL, NULL),
(88, 16, NULL, NULL),
(86, 16, NULL, NULL),
(87, 16, NULL, NULL),
(89, 16, NULL, NULL),
(85, 16, NULL, NULL),
(90, 16, NULL, NULL),
(105, 16, NULL, NULL),
(82, 12, NULL, NULL),
(91, 16, NULL, NULL),
(93, 14, NULL, NULL),
(76, 15, NULL, NULL),
(94, 5, NULL, NULL),
(94, 4, NULL, NULL),
(95, 9, NULL, NULL),
(96, 9, NULL, NULL),
(96, 4, NULL, NULL),
(97, 13, NULL, NULL),
(98, 8, NULL, NULL),
(99, 8, NULL, NULL),
(100, 8, NULL, NULL),
(101, 8, NULL, NULL),
(70, 16, NULL, NULL),
(103, 16, NULL, NULL),
(104, 18, NULL, NULL),
(106, 16, NULL, NULL),
(107, 16, NULL, NULL),
(108, 16, NULL, NULL),
(109, 16, NULL, NULL),
(110, 16, NULL, NULL),
(111, 16, NULL, NULL),
(112, 16, NULL, NULL),
(113, 16, NULL, NULL),
(117, 5, NULL, NULL),
(114, 18, NULL, NULL),
(114, 4, NULL, NULL),
(115, 9, NULL, NULL),
(116, 9, NULL, NULL),
(120, 5, NULL, NULL),
(120, 3, NULL, NULL),
(121, 5, NULL, NULL),
(121, 3, NULL, NULL),
(122, 5, NULL, NULL),
(122, 3, NULL, NULL),
(123, 8, NULL, NULL),
(123, 4, NULL, NULL),
(124, 8, NULL, NULL),
(124, 3, NULL, NULL),
(125, 11, NULL, NULL),
(126, 11, NULL, NULL),
(127, 11, NULL, NULL);

INSERT INTO `customers` (`order_id`, `name`, `phone`, `email`, `addressLine1`, `addressLine2`, `postal_code`, `area`, `state`, `country`, `created_at`, `updated_at`) VALUES
(1, 'May lum', '0164197591', NULL, '2364 jala hala timah 2', NULL, '31900', 'Kampar', 'Perak', 'Malaysia', '2021-05-11 06:57:56', '2021-05-11 06:57:56'),
(2, '金宝顾客', '0125608217', NULL, '243, Jalan Mahsuri 5, Taman Mahsuri 31900 Kampar', NULL, '31900', 'Kampar', 'Perak', 'Malaysia', '2021-05-14 21:51:32', '2021-05-14 21:51:32'),
(3, 'Risa', '0109480852', NULL, 'Block 80, The Meadow Park, Lorong Makmur 7B, Off Persiaran Agacia 1, Bandar Agacia, 31910 Kampar, Perak Darul Ridzuan', NULL, '31900', 'Kampar', 'Perak', 'Malaysia', '2021-05-19 01:05:12', '2021-05-19 01:05:12');

INSERT INTO `items` (`id`, `name`, `name_en`, `desc`, `origin`, `origin_en`, `created_at`, `updated_at`) VALUES
(2, 'RIO 鸡尾酒 瓶装 275毫升', 'RIO Cocktail Bottled Series 275ML', 'RIO鸡尾酒是一种品牌为rio的鸡尾酒，主要制作配料有：果汁、白兰地、朗姆酒等等。该酒采用鲜榨冷冻技术提纯果汁\r\n\r\n口味:\r\n蓝玫瑰威士忌\r\n黑加仑香橙伏特加\r\n混合水果（宾治）伏特加\r\n紫葡萄白兰地\r\n青柠青瓜朗姆\r\n水蜜桃白兰地\r\n\r\n生产日期：11.2020\r\n保质期：18个月', '中国', 'Cina', '2021-05-06 00:52:07', '2021-05-11 02:05:32'),
(3, '乐事薯片系列', 'Lay\'s Potato Chips', '乐事薯片 ? Lay\'s Potato Chips (70g)\r\n\r\n乐事的品牌理念是“成为让人微笑的品牌”。\r\n\r\n多样变化的口味，让你微笑\r\n乐事多样变化的新鲜口味和多层次的丰富口感不断刺激着消费者的味蕾，带来前所未有的美味体验。味觉的愉悦让消费者不知不觉嘴角上扬，快乐微笑。\r\n\r\n轻松愉悦的品牌个性，让你微笑\r\n“片片刻刻有乐事”是乐事始终如一的品牌标语。从快乐为导向的营销策略，到形象阳光的品牌代言人，再到各种轻松快乐的品牌广告，乐事总是呈现出愉悦欢乐的品牌个性。不仅如此，乐事还希望人们在享受美味薯片的同时，更能感受到品牌传达出来的快乐理念——美味时刻就是欢乐时刻。\r\n\r\n倡导快乐的生活态度，让你微笑\r\n快乐是一种生活态度。在乐事品牌心中，快乐的源泉正是美味到无法抗拒的薯片，可以带给消费者身心的愉悦。小小的薯片，虽然不能改变世界。但是，乐事所倡导的快乐生活态度，却意义重大。\r\n乐事，渴望融入国人生活的每一个欢乐时刻。无论是一个人的享受，还是朋友的相聚，或是家人的团聚，有了乐事，总能为每一段时光增添快乐!\r\n\r\n薄薄薯片，美妙滋味，更承载着中国人情的味道，快乐的味道。片片刻刻有乐事！', '中国', 'China', '2021-05-11 01:33:18', '2021-05-13 10:52:40'),
(4, '乐事 苦芥山药卷黑椒牛扒味80g', 'Lay\'s Bitter Mustard Yam Roll Black Pepper Steak Flavor 80g', '山药对身体有一定的益处,而乐事的这款山药薄片,标榜着跟薯片完全不同的口感,比薯片更薄更脆,好吃到停不下来原来是真的咧!', '中国', 'China', '2021-05-11 01:44:21', '2021-05-13 10:40:01'),
(5, '盼盼 艾比利薯片60g', 'Panpan Abelli Potato Chips 60g', '盼盼 艾比利薯片 (激情香辣味/风情烧烤味) 6 g Panpan Believe Potato Chips (Spicy/Barbeque)\r\n\r\n选用新鲜土豆，片片薄脆?\r\n健康美味，吃得安心?', '中国', 'China', '2021-05-11 01:47:31', '2021-05-13 10:36:42'),
(6, '洽洽 山药脆片75g', 'Qia Qia Yam Chips 75g', '洽洽 山药脆片75g', '中国', 'China', '2021-05-11 01:49:07', '2021-05-11 02:09:00'),
(7, '甘源系列75g', 'Gan Yuan 75g', '甘源所推出的豆系列零食肯定是首选啊！馨香可口 每一口都脆脆爽爽的 而且里面还是独立包装呢！不必担心变软哦✔方便携带\r\n✔独立包装\r\n✔卫生保障', '中国', 'China', '2021-05-11 01:51:02', '2021-05-13 09:40:56'),
(8, '洽洽瓜子108g', 'Qia qia sunflower seeds 108g', '洽洽瓜子不用介绍相信大家肯定都吃过了，除了为你介绍的是洽洽原味瓜子还有各种不同口味瓜子。\r\n各种新颖口味的瓜子分别有焦糖口味、芝士口味、藤椒口味、海盐口味和很韩风的蜂蜜黄油口味!', '中国', 'China', '2021-05-11 01:55:14', '2021-05-13 10:15:23'),
(9, '创食人 系列 88g', 'Chuang Shi Ren 88g', '如果平常吃那些油炸，烘烤的零食吃腻了，小编要介绍与众不同的零食给你！而且是素食者都可以吃的，不是炸鸡也可以好吃到吮手指的卤味零嘴！\r\n创食人的卤味零食，集齐了四种素菜，经过卤制每种都非常入味?\r\n➤ 香辣花生\r\n花生不用说了，每次看到卤花生出现，不到五分钟就会全部被扫光，创食人的香辣花生颗颗饱满，滋味鲜美，卤得刚刚好，辣得恰到好处。\r\n➤ 香辣莲藕\r\n卤制莲藕是来自湖北的风味小吃，味道经过卤制非常鲜美，带点甜的莲藕不管是单吃，还是配饭吃，当下酒菜，都非常地合适。\r\n➤ 香辣毛豆\r\n毛豆是最低卡又蛋白质高的“零嘴”，减肥的人吃毛豆最合适不过了。创食人的香辣毛豆让单调的毛豆多了一点调味，吃起来非常香，当下酒菜也毛问题啦！', '中国', 'China', '2021-05-11 01:57:36', '2021-05-21 03:19:00'),
(10, '小鴨哥鹹蛋餅 & 咸蛋麦片饼', 'salted egg yolk pancake roll ＆ Oat Biscuit', '咸蛋煎饼蛋黄卷 156g\r\nSalted Egg Yolk Pancake Roll\r\n浓浓煎饼咸蛋黄卷\r\n满满的咸蛋黄\r\n非常的松脆不硬‼️', '泰国', 'Thailand', '2021-05-11 02:11:29', '2021-05-13 09:08:34'),
(11, '肮脏包小零食50g', 'Dirty packet snacks 50g', '好吃?美味可口的脏小包\r\n一口一个 浓浓的巧克力味\r\n酥脆酥脆的非常好吃?\r\n而且非油炸 吃的健康不上火\r\n\r\nYummy ? delicious and delicious dirty pouch\r\nOne bite, rich chocolate flavor\r\nCrispy and crispy is very delicious ?\r\nAnd the non-fried food is not healthy', '中国', 'China', '2021-05-11 02:12:35', '2021-05-13 08:41:12'),
(12, '日本波旁饼干', 'Japan Bourbon Biscuit', '◤日本地道美味 ▪ 入口即化的波路梦系列饼干 ◢\r\n口感扎实酥脆 入口即化\r\n美味可口 甜而不腻\r\n简单早餐 / 午后小点心 都很合适\r\n独立包装 方便携带 随时随地享用美味\r\ncrispy & sweet & good taste\r\nquick and easy breakfast / afternoon snacks\r\nindependent packaging, enjoy anytime', '日本', 'Japan', '2021-05-11 02:14:05', '2021-05-13 08:31:37'),
(13, '王小卤虎皮凤爪200g', 'Wang Xiaolu Tiger Skin Chicken Feet 200g', '由于处理的工序繁多，现在已经很少有人肯做了，就算做了，也许也只是单纯的卤凤爪，要做到虎皮效果的凤爪真的是见少买少了。\r\n来自王小卤的虎皮凤爪，为达到虎皮的效果先炸后卤更好吃！王小卤的虎皮凤爪经过人工去甲之后，加入秘制卤汁去卤制，卤汁浓郁，卤好的凤爪鲜香沁骨，连骨都吮干净！卤好的凤爪非常入味，冷吃Q弹，热吃味道更足，个大肉多超过瘾！\r\n➤ 椒麻味\r\n加入椒麻的凤爪犹如舌尖过电般，颠覆你的味蕾，没想到凤爪和椒麻那么有火花！\r\n➤ 香辣味\r\n香辣味简直让人过瘾，辣得上头！越吃越爽，越吃越想吃！\r\n➤ 卤香味\r\n不能吃辣，又不爱吃麻的你，吃卤香味吧，秘制卤汁的味道发挥得淋漓尽致，卤香浓郁，回味无穷。', '中国', 'China', '2021-05-11 02:15:48', '2021-05-13 08:18:37'),
(14, '田小花马卡龙夹心饼干草莓味320g', 'Tian Xiaohua Macaron Sandwich Biscuit Strawberry Flavor 320g', '田小花马卡龙夹心饼干\r\n2盒创意可爱饼干网红甜点下午茶点心休闲零食办公室零食\r\n\r\nMACA-ROON ▪ Colorful World \r\n缤纷世界 ▪ 我想给你所有美好的\r\n迷你马卡龙 口袋小饼干\r\n质地酥脆 夹心顺滑\r\n1盒大约60个独立小包装\r\n存取方便 随身携带\r\nSweet & Crispy & Colorful\r\n1box around 60small packets\r\nEasy carry & enjoy delicious anytime', '中国', 'China', '2021-05-11 02:19:59', '2021-05-13 08:06:17'),
(15, '泰国咸蛋鸡腿饼55g', 'Thai Salted Egg Chicken Leg Cake 55g', '??泰国??必试的?鸡腿饼(Lotus)\r\n好吃又不贵?好吃到停不了口的小鸡腿饼???\r\n\r\n“烦恼时来一袋?，饿了时来一袋??”\r\n“喝酒时来一袋?，看片时来一袋??\r\n-Salted Egg Flavour  \r\n咸蛋辣味\r\n\r\n泰国??(Lotus)鸡腿?零食1包含有55g', '中国', 'China', '2021-05-11 02:21:11', '2021-05-13 08:00:16'),
(16, 'JORNGUAN茉莉花香糯米饼干100g', 'JORNGUAN Jasmine Rice Cracker with Flossy 100g', '??泰国必买手信Jornguan 状元肉松香脆米饼\r\n\r\n驰名泰国的“状元”牌正宗鸡肉松香米脆饼由泰国著名之“茉莉香米”加料精制，其口感鲜脆，再加以精选之高品质鸡肉松增加美味，口感奇佳，男女老幼咸宜，欢迎品尝。', '韩国', 'Korean', '2021-05-11 02:22:51', '2021-05-13 07:52:47'),
(17, '超友味 KK 法式马卡龙软糖 168g', 'Chao You Wei KK French Macaron Gummy 168g', '超友味 KK 法式马卡龙软糖 168g\r\n◤ 可可爱爱 ▪ 高颜值小零嘴 ◢ \r\n小巧缤纷 法式马卡龙软糖\r\n综合什锦 一盒含有多种口味 \r\n精美包装 自己很喜欢 送礼对象也很喜欢 \r\n一口一个 甜蜜滋味 幸福满满', '中国', 'China', '2021-05-11 02:24:02', '2021-05-13 06:07:25'),
(18, '雅吻硬糖 350克', 'Ya kiss hard candy 350g', '雅吻硬糖 350克', '中国', 'China', '2021-05-11 02:25:17', '2021-05-11 02:26:42'),
(19, '大包2粒', 'Large packet of 2 capsules', '大包2粒', '马来西亚', 'Malaysia', '2021-05-11 02:27:18', '2021-05-11 02:28:06'),
(20, '生肉包4粒', '4 raw meat buns', '生肉包4粒', '马来西亚', 'Malaysia', '2021-05-11 02:28:16', '2021-05-11 02:28:56'),
(21, '叉烧包4粒', '4 Barbecued Pork Buns', '叉烧包4粒', '马来西亚', 'Malaysia', '2021-05-11 02:29:08', '2021-05-11 02:29:40'),
(22, '小笼叉烧包9粒', '9 Xiaolong Barbecued Pork Buns', '小笼叉烧包9粒', '马来西亚', 'Malaysia', '2021-05-11 02:29:51', '2021-05-11 02:30:22'),
(23, '豆沙包4粒', '4 Bean Paste Buns', '豆沙包4粒', '马来西亚', 'Malaysia', '2021-05-11 02:30:36', '2021-05-11 02:31:05'),
(24, '莲蓉包4粒', '4 lotus paste packets', '莲蓉包4粒', '马来西亚', 'Malaysia', '2021-05-11 02:31:39', '2021-05-11 02:32:52'),
(25, '混合小笼包9粒', 'Mixed Xiaolongbao 9pc', '混合小笼包', '马来西亚', 'Malaysia', '2021-05-11 02:33:34', '2021-05-13 03:13:26'),
(26, '好伙伴咖椰麦片小笼包 9粒', 'Kaya Oatmeal Xiao Long Bao 9pc', '咖椰麦片小笼包9粒', '马来西亚', 'Malaysia', '2021-05-11 03:07:04', '2021-05-12 12:07:27'),
(27, '原味馒头20粒', '20 original steamed buns', '原味馒头20粒', '马来西亚', 'Malaysia', '2021-05-11 03:07:39', '2021-05-11 03:08:06'),
(28, '斑兰馒头20粒', '20 pandan buns', '斑兰馒头20粒', '马来西亚', 'Malaysia', '2021-05-11 03:08:41', '2021-05-11 03:09:04'),
(29, '烧卖30粒', '30 siu mai', '烧卖30粒', '马来西亚', 'Malaysia', '2021-05-11 03:09:20', '2021-05-11 03:10:04'),
(30, '烧卖9粒', '9 Siu Mai', '烧卖9粒', '马来西亚', 'Malaysia', '2021-05-11 03:10:17', '2021-05-11 03:10:45'),
(31, '紫菜卖9粒', 'Seaweed sells 9 pieces', '紫菜卖9粒', '马来西亚', 'Malaysia', '2021-05-11 03:11:08', '2021-05-11 03:11:33'),
(32, '糯米鸡2粒', '2 glutinous rice chicken', '糯米鸡2粒', '马来西亚', 'Malaysia', '2021-05-11 03:11:44', '2021-05-11 03:12:41'),
(33, '阿来小笼汤包8粒232g', 'Alai Xiaolong Tang Bao 8 pieces 232g', '阿来小笼汤包8粒232g', '马来西亚', 'Malaysia', '2021-05-11 03:12:54', '2021-05-11 03:13:33'),
(34, '阿来麻辣小笼汤包8粒232g', 'Alai Spicy Xiaolong Soup Bao 8 pieces 232g', '阿来麻辣小笼汤包8粒232g', '马来西亚', 'Malaysia', '2021-05-11 03:13:47', '2021-05-11 03:14:22'),
(35, '阿来鸡肉小笼汤包6粒', 'Alai Chicken Xiaolong Tang Bao 6pcs', '阿来鸡肉小笼汤包6粒', '马来西亚', 'Malaysia', '2021-05-11 03:14:58', '2021-05-11 03:15:28'),
(36, '田园猪肉水饺20粒400g', 'Farmland pork dumplings 20 pieces 400g', '田园猪肉水饺20粒400g', '马来西亚', 'Malaysia', '2021-05-11 03:15:36', '2021-05-11 03:17:35'),
(37, 'RIO鸡尾酒 罐装 330ml', 'RIO cocktail can 330ml', '适合女生喝的RIO微醺小酒?\r\n\r\n?萌檬红茶\r\n酸酸甜甜的柠檬蒙搭配红茶，味道比较清爽可口，感觉就算\r\n是不怎么喜欢酒精味道的女生也可以接受！\r\n\r\n?乐橋乌龙橘子\r\n?橘子搭配乌龙茶这款我也很喜欢〜还有小气泡在舌尖上跳动，是惬意的感觉！\r\n\r\n?玫瑰荔枝白兰地\r\n这个好好喝，是荔枝香气的味道，我还会往里面扔几个荔枝跟冰块〜\r\n\r\n?白桃白兰地\r\n外观粉粉的，一看就是少女酒，喝起来桃子?香气十足?\r\n\r\n?乳酸菌伏特加\r\n是养乐多的味道！感觉是新大陆，我以前都不知道乳酸菌搭配伏特加那么?\r\n\r\n?百香果伏特加\r\n入口就是酸酸甜甜的百香果味道啦〜还可以往里加点新鲜的百香果更好喝喔！\r\n\r\n?葡萄白兰地\r\n有点葡萄酒?的感觉，微微的酸但没有会涩的口感，感觉比较适合聚会的时候！\r\n\r\n?西柚伏特加\r\n这个感觉就没那么甜，会有一点点微甘的感觉，是西柚的那种甘香味道。\r\n\r\n?柠檬朗姆\r\n这个会有点儿?苦的感觉，但是是能接受的那种朗姆酒的味道，男生会比较喜欢！', '中国', 'China', '2021-05-11 03:28:56', '2021-05-12 11:57:03'),
(38, 'Jinro 韩国酒 360ml', 'Jinro Soju 360ml', 'Also known as Korean vodka, it has a very smooth taste. It’s a clear distilled liquor made from rice and the most popular type of alcoholic drink in Korea.\r\n\r\nSoju is originally from Korea, where it was first distilled around the 14th century. Unlike vodka, soju has a natural hint of botanicals that can make for a smoother taste as opposed to vodka, which can sometimes come off as harsh at the end. It is also not only lower in calorie than vodka, but it is also lower in proof.\r\n\r\nSweet green grape meets morning dew for the best flavor\r\nFruit juice in soju is becoming more popular, and Jinro Green Grape has unique green grape flavor and taste that everyone can enjoy. Easy to drink with an alcohol content of 13%, it has such a clean and fresh flavor that will capture your heart.', '韩国', 'Korea', '2021-05-11 03:32:16', '2021-05-12 11:55:01'),
(39, '农夫山泉茶π 500ml', 'Nong Fu Shan Quan Tea π 500ml', '多重口味茶兀饮料～\r\n喝上去淡淡花香带点清甜水果味道！\r\n丰富营养，好喝不腻！\r\nBigBang G Dragon 代言的农夫山泉茶兀?\r\n\r\n【5种口味】\r\n?玫瑰荔枝红茶 \r\n精选锡兰红茶，融入玫瑰花香，荔枝果香，香气袭人，回味悠长\r\n?西柚茉莉花茶 \r\n精选茉莉银豪，窖花3-7次，融入西柚果香，清新怡人\r\n?蜜桃乌龙茶 \r\n选用闽南铁观音乌龙茶为原料，采用春茶鲜叶精制，与蜜桃果香完美融合\r\n?柚子绿茶 \r\n甄选江南优质炒青绿茶为原料，鲜爽清新\r\n?柠檬红茶 \r\n精选优质红茶为原料，加入柠檬果汁，回味绵长', '中国', 'China', '2021-05-11 03:34:17', '2021-05-12 11:52:32'),
(40, '康师傅饮料500ml', 'Master Kong Drink 500ml', '康师傅除了以选择多到爆以及非常好吃的泡面闻名之外，有件事情小编也必须告诉你，就是他们家的饮料选择也很多，味道都是棒棒哒！', '中国', 'China', '2021-05-11 17:54:10', '2021-05-13 11:37:01'),
(41, '名屋果汁牛乳500ml', 'Ming Wu Juice Milk 500ml', '风靡台湾大街小巷的美味饮料来啦！\r\n去过宝岛的朋友肯定都知道，尤其木瓜牛乳这款饮料在台湾可是很受欢迎的哦~每个小店里面都有它的身影。', '台湾', 'Taiwan', '2021-05-11 20:37:47', '2021-05-12 11:46:24'),
(42, '名屋果汁500ml', 'Ming Wu Juice 500ml', '台湾的名屋果汁真的是非常非常有名气了啦！\r\n名屋的果汁系列多种口味\r\n黄金配比，溢入好滋味！！\r\n\r\n新鲜水果真的非常鲜甜不腻口哦！！', '台湾', 'Taiwan', '2021-05-11 20:39:50', '2021-05-12 11:48:57'),
(43, '营养快线 酸奶450ml', 'Nutrition Express Yogurt 450ml', '营养快线中牛奶含量超过30%，也就是一瓶500毫升的营养快线中主要含有大于150毫升的牛奶，还含有约25毫升的果汁以及25克的糖，其中果汁含有大量的水果纤维及丰富的维生素.', '中国', 'China', '2021-05-11 21:47:40', '2021-05-12 11:30:54'),
(44, '王老吉凉茶500ml', 'Wanglaoji Herbal Tea 500ml', '正宗凉茶【王老吉凉茶】 500ML 独家秘方配制\r\n怕上火？发热气？家里备着王老吉，再也不怕发热气了', '中国', 'China', '2021-05-11 21:51:07', '2021-05-12 11:18:46'),
(45, '王老吉吸吸龟苓膏258g', 'Wanglaoji Sucking Turtle Paste 258g', '这个炎热马来西亚 就应该时常吃龟苓膏解凉 而且小包方便携带 放进包包随时拿出来吃都超级方便', '中国', 'China', '2021-05-11 21:52:03', '2021-05-12 11:11:45'),
(47, '王老吉山楂陈皮＆咸柑桔', 'Wanglaoji Hawthorn Tangerine Peel＆Salted Citrus', 'WangLaoJi Salted Citrus & Hawthorn Tangerine 王老吉植韵 咸柑桔 & 山楂陈皮\r\n解暑，解腻，减脂的好饮品', '中国', 'China', '2021-05-11 21:55:19', '2021-05-12 11:01:24'),
(48, '水恋湾 280ml', 'Shui Lian Wan 280ml', '抖音网红饮料可以让你一秒变宝宝的,《水恋湾风味酸奶奶嘴瓶》\r\n很有趣的奶嘴酸奶 ，让你像个小宝宝一样喝酸奶！一大班人吸奶嘴的画面肯定很好笑！快点买回去感受下吧️\r\n\r\n#水恋湾＃奶瓶＃酸奶', '中国', 'China', '2021-05-11 21:56:38', '2021-05-12 10:33:03'),
(49, '伊利优酸乳250ml', 'Yiliyou Yogurt 250ml', '【伊利优酸乳 250毫升 】\r\n\r\n陈立农和周冬雨一起代言伊利优酸乳啦~\r\n\r\n伊利优酸乳严选牧场奶源，坚守更优品质 每一口酸甜好滋味都带给你满满活力。\r\n\r\n 初恋的酸甜，热恋的甜蜜，优酸乳也可以给你一样的感觉 ~', '中国', 'China', '2021-05-11 21:59:43', '2021-05-12 10:10:54'),
(50, '达能脉动 600ml', 'DaNeng MaiDong 600ml', '无碳酸气的脉动不会引起胃部胀气，而且富含多种营养，让你随时补充水分保持动力。而且还有多种清新的水果口味，喝起来口感清爽的同时也注入更多活力！', '中国', 'China', '2021-05-11 22:02:28', '2021-05-13 11:57:11'),
(51, '香飘飘烤奶茶280ml', 'Xiang Piao Piao Roasted Milk Tea 280ml', '香飘飘又双叒叕出新品啦！香飘飘的新品一般都是有品质保证，并且味道一定要让人眼前一亮的。首先就先让凯凯王俊凯来为你介绍，这三款新上市的烤奶茶咯~香飘飘特选采用上好的茶叶现萃出来的茶汤，加入进口浓缩牛奶以及经过匠心烘焙的茶叶，看茶焙茶，不同的茶叶要有不同的焙茶手法，才能做出很精彩的烤奶茶！', '中国', 'China', '2021-05-11 22:04:36', '2021-05-13 07:36:52'),
(52, '家乡人酸辣粉', 'JiaXiangRen Sour and Spicy Noodles', '『家乡人正宗重庆酸辣粉』\r\n\r\n✔独特热风烘干工艺，易消化，不上火，粉丝韧性十足，晶莹剔透。\r\n✔味道麻、辣、鲜、香、酸，油而不腻，辣而不燥。\r\n✔酸辣爽口，诱人的香味牵动你的味蕾！\r\n\r\n▶主要是由红薯加工而成，常吃红薯的人可以有效预防肠癌，因此酸辣粉也是一种养颜，开味，健胃的特色小吃，集麻，辣，香于一体，特别受到型男靓女的追捧。\r\n\r\n▶只要打开包装到开水冲泡只需要几分钟时间，但功夫往往在幕后，汤料的熬酱调制，粉丝的精工制作不是一刻的功夫，尤其是有特色口味的酸辣粉，更是有其独特的秘方和深厚的功底。\r\n\r\n▶家乡人正宗重庆酸辣粉酸辣粉 正是在重庆风味的基础上,根据自己多年酸辣粉的经验，柔和四川的尖辣，加上武汉风味，口味独特，汤料鲜美。家乡人正宗重庆酸辣粉的粉条晶莹透亮，有很好的韧性而且比较粗。粉条的粗细对口感有着重要的影响，所以酸辣粉必须要粗才好吃。现在人们吃的粉条越来越粗越来越宽，我们平时吃火锅时也放上一些粉丝之类，也有的是红薯粉，但酸辣粉的粉丝更粗更有咬劲。', '中国', 'China', '2021-05-11 22:05:56', '2021-05-12 09:24:30'),
(53, '家乡人螺蛳粉', 'JiaXiangRen Snail noodles', '家乡人的螺蛳粉\r\n螺蛳粉有一个一口上瘾定律， 你听过吗？那就是闻着臭，看着馋，吃着香！ 家乡人的螺蛳粉酸香鲜辣，搭配多种配料。\r\n螺蛳粉一般采用很爽口的米粉，加上花生，油炸腐竹，黄花菜，萝卜干和鲜嫩青菜等等配料，并且搭配酸辣口味以及煮烂螺蛳的汤水调和而成，那个奇特的味道就是来自于螺蛳粉的灵魂——酸笋啦！只要你吃过一次就不会抗拒他，而是会欲罢不能，就跟臭豆腐一样。', '中国', 'China', '2021-05-11 22:08:21', '2021-05-12 09:15:13'),
(54, '家乡人麻辣汤粉', 'JiaXiangRen Spicy soup noodles', '家乡人麻辣汤粉', '中国', 'China', '2021-05-11 22:11:35', '2021-05-11 22:12:41'),
(55, '白家阿宽红油面皮', 'BaiJia AhKuan Red oil pasta', '红油面皮是四川特色乾拌面\r\n酸辣口味 挑动你的味蕾\r\n食用方法：\r\n\r\n1. 开袋后，取出调料包，将面饼放入碗中，加入90度以上沸水约600ml,加盖放置。同时将油包放在盖子上预热\r\n\r\n2. 滤水：5分钟后，将水倒掉\r\n\r\n3. 加料：加入调味料，搅拌均匀后即可食用，可加入烫熟的蔬菜，葱花等，风味更佳', '中国', 'China', '2021-05-11 22:12:51', '2021-05-12 09:02:17'),
(56, '好哥们重庆小面', 'HaoGeMen Chongqing noodles', '好哥们重庆小面\r\n手工揉制加上用小麦高筋制作而成的干面，造就了一碗劲道十足的面条！由于重庆小面十一万简单的面，所以在配料方面没有过于复杂，反而在调料上就非常讲究！', '中国', 'China', '2021-05-11 22:13:51', '2021-05-12 08:55:10'),
(57, '白家阿宽重庆小面麻辣', 'BaiJia AhKuan Chongqing noodles', '白家阿宽重庆小面麻辣', '中国', 'China', '2021-05-11 22:15:21', '2021-05-11 22:16:15'),
(58, '紫山刀削面 盒装', 'ZiShan Sliced Noodles Boxed', '紫山到饭点日式非油炸刀削面哦～\r\n\r\n正宗豚骨刀削面，肉香纯正，浓郁汤汁～\r\n\r\n刀削面口感纯正，自热方便快捷～\r\n\r\n最最最主要啦15分钟即可享受美食啦～', '中国', 'China', '2021-05-11 22:16:37', '2021-05-12 08:41:30'),
(59, '小龙坎酸辣粉', 'Xiaolongkan Hot and Sour Noodles', '小龙坎酸辣粉念念不忘——Q弹爽口，酸辣爽滑！他们家的红薯淀粉和木薯淀粉混合制成的，更加晶莹剔透，口感更有嚼劲，也比较容易冲泡，没有经过油炸的粉条口感更加软糯幼滑，吃过一口就觉得粉条在你的舌尖舞动~\r\n\r\n除此之外，香辣带劲又够呛的汤底，淋上香醋做更上一层楼的点缀，让酸辣粉酸得够力，辣得带劲。配上一些配料啊，花生等等，丰富的口感和味道越吃越开胃，越吃越香，真不愧是小龙坎啊！最重要的是，只要用热水冲泡4-6分钟就可以吃了，方便到爆！', '中国', 'China', '2021-05-11 22:18:21', '2021-05-12 08:33:06'),
(60, '柳泉螺蛳粉原味', 'Liuquan Snail Noodle Original Flavor', '柳泉螺蛳粉原味', '中国', 'China', '2021-05-11 22:19:25', '2021-05-11 22:20:10'),
(61, '皇上饿了酸辣粉', 'Huangshangele hot and sour noodles', '皇上饿了酸辣粉', '中国', 'China', '2021-05-11 22:20:18', '2021-05-11 22:21:14'),
(62, '好欢螺螺蛳粉300g', 'Haohuanluo snail noodle 300g', '好欢螺螺蛳粉300g\r\n螺蛳粉一般采用很爽口的米粉，加上花生，油炸腐竹，黄花菜，萝卜干和鲜嫩青菜等等配料，并且搭配酸辣口味以及煮烂螺蛳的汤水调和而成，那个奇特的味道就是来自于螺蛳粉的灵魂——酸笋啦！只要你吃过一次就不会抗拒他，而是会欲罢不能，就跟臭豆腐一样！', '中国', 'China', '2021-05-11 22:21:31', '2021-05-12 08:45:19'),
(63, '好欢螺螺蛳粉400g', 'Haohuanluo snail noodles 400g', '好欢螺螺蛳粉400g', '中国', 'China', '2021-05-11 22:22:40', '2021-05-11 22:24:21'),
(64, 'Yopokki炒年糕', 'Yopokki Fried rice cake', 'Yopokki炒年糕', '韩国', 'Korea', '2021-05-11 22:24:46', '2021-05-11 22:25:58'),
(65, '白家阿宽 南昌拌粉200g', 'Baijia Akuan Nanchang Mixing Noodles200g', '白家阿宽 南昌拌粉', '中国', 'China', '2021-05-11 22:26:59', '2021-05-12 07:12:38'),
(66, '白家阿宽 有料酸辣粉130g', 'Baijia Akuan spicy hot and sour noodles', '白家阿宽 有料酸辣粉', '中国', 'China', '2021-05-11 22:28:25', '2021-05-12 07:07:50'),
(67, '羊肉卷500g', 'Lamb rolls 500g', '羊肉卷500g', '马来西亚', 'Malaysia', '2021-05-11 22:34:48', '2021-05-11 22:35:23'),
(68, '牛肉卷500g', 'Beef Roll 500g', '牛肉卷500g', '马来西亚', 'Malaysia', '2021-05-11 22:35:37', '2021-05-11 22:36:02'),
(69, '猪肉卷500g', 'Pork Roll 500g', '猪肉卷500g', '马来西亚', 'Malaysia', '2021-05-11 22:36:10', '2021-05-11 22:36:55'),
(70, '澳洲羊肉卷300g', 'Australian Lamb Roll 300g', '澳洲羊肉卷300g', '马来西亚', 'Malaysia', '2021-05-11 22:37:07', '2021-05-11 22:37:37'),
(71, '澳洲牛肉卷300g', 'Australian beef roll 300g', '澳洲牛肉卷300g', '马来西亚', 'Malaysia', '2021-05-11 22:37:47', '2021-05-11 22:38:47'),
(72, '本地猪肉卷300g', 'Local pork roll 300g', '本地猪肉卷300g', '马来西亚', 'Malaysia', '2021-05-11 22:39:00', '2021-05-11 22:39:32'),
(73, '本地花肉片250g', 'Local sliced pork slices 250g', '本地花肉片250g', '马来西亚', 'Malaysia', '2021-05-11 22:39:45', '2021-05-11 22:40:19'),
(74, '乌鸡肉片300g', 'Black-bone chicken fillet 300g', '乌鸡肉片300g', '马来西亚', 'Malaysia', '2021-05-11 22:40:29', '2021-05-11 22:41:39'),
(75, '冻豆腐300g', 'Frozen tofu 300g', '冻豆腐300g', '马来西亚', 'Malaysia', '2021-05-11 22:41:50', '2021-05-11 22:42:29'),
(76, '海底捞火锅底料', 'Haidilao Hot Pot Base', '海底捞火锅底料', '中国', 'China', '2021-05-11 22:42:41', '2021-05-11 22:45:15'),
(77, '好麦多早餐麦片330g', 'Haomaduo breakfast cereal 330g', '好麦多早餐麦片330g', '中国', 'China', '2021-05-11 22:45:42', '2021-05-11 22:46:47'),
(78, '天喔茶庄C满E柠檬+水蜜桃', 'Tian Oh Cha Zhuang C Full E', 'C 给你内在美。E 给你外在美\r\nC 满 E 我要陪你美下去 ❤\r\n\r\n天喔茶庄C满E产品将柠檬+水蜜桃打造口感时尚的复合果汁饮料系列，同时将VC、VE完美结合，倡导内外兼修，呼唤青春美丽基因，引领消费者健康生活观。', '中国', 'China', '2021-05-13 12:05:41', '2021-05-13 12:11:13'),
(79, '天喔茶庄蜂蜜柚子茶', 'Tian Oh Cha Zhuang Honey Citron Tea', '天喔茶庄 蜂蜜柚子茶 果味茶 500ML  \r\n天喔蜂蜜柚子茶将全天然的蜂蜜与健康的水果柚子相结合，\r\n调制出甜蜜、清新、滋润的口感；在外形包装上，\r\n天喔蜂蜜柚子茶沿袭了天喔皇家系列所独具的时尚感和个性化，\r\n浅绿色的包装给人以健康、舒适、精致之感。', '中国', 'China', '2021-05-13 12:11:53', '2021-05-13 12:15:00'),
(80, '安慕希希腊酸奶', 'Anmuxi yogurt / Ambrosial Greek Yogurt', '安慕希的英文名字叫Ambrosial，这个名字来自希腊，用来形容特别美味的东西。所以安慕希的风味，是浓浓的希腊风，浓厚的口感和多了35%的蛋白质，超级受欢迎的啊！\r\n现在安慕希没那么难买了，但要试全所有的口味也是不容易滴~就让我为你介绍，安慕希的大家族到底有什么口味吧！\r\n包装205g\r\n➤ 浓醇顺滑原味\r\n➤ 清香顺滑香草口味\r\n➤ 舌尖美味蓝莓口味\r\n➤ 满满草莓草莓口味\r\n➤顺滑醇厚咖啡+酸奶\r\n高端230g\r\n➤ 高端原味\r\n➤ 馥郁果汁芒果百香果味\r\n➤ 浓郁果肉橙凤梨味\r\n➤奇异果青葡萄的创新口味\r\n燕麦高端200g\r\n➤ 真实果粒黄桃燕麦味\r\n➤ 真实果粒草莓燕麦味\r\n➤浓浓果香葡萄柚青桔\r\n➤浓郁的芝士味', '中国', 'China', '2021-05-13 12:19:06', '2021-05-13 12:56:55'),
(81, '安慕希酸奶高端系列', 'Anmuxi Premium Series', '浓浓安慕希非常受大家欢迎，特别是高端系列的，那顺滑的口感，那醇厚的滋味，绝对不是一般酸奶能匹比的。\r\n安慕希的酸奶是用纯正的牛乳发酵的，匠心制作浓郁好品质的酸奶。经过多重优质工艺，才能铸就丝滑的口感，装在便携的瓶装里，美味马上就能畅快享受！比标准的酸奶蛋白质含量多了整整35%，名副其实的营养满满！新的口味采用了奇异果和青葡萄，两者都是多肉多汁的水果，味道清新，为酸奶注入更多的营养和加倍的美味~', '中国', 'China', '2021-05-13 13:11:11', '2021-05-13 13:23:57'),
(82, '喜之郎果肉果冻布丁', 'XI ZHI LANG Fruit Jelly', '【喜之郎果冻】\r\n‍‍‍‍‍‍ \r\n有时候胃口不好，什么都不想吃的时候，也许你可以考虑来个喜之郎的果冻，本店为你介绍清凉的喜之郎果冻可以让你胃口大增！\r\n\r\n?喜之郎的果冻口感爽滑，多种水果口味让你倍感清新，而且还富含儿童成长所需的膳食纤维。看得见果肉的水果果冻更是增加了有益菌，促进肠胃蠕动。\r\n\r\n?把健康美味的喜之郎果冻带回家，就是把爱和欢乐带回家，快来本店把喜之郎果冻带回家给全家人享用吧！', '中国', 'China', '2021-05-13 13:27:40', '2021-05-13 13:43:40'),
(83, '皇族 麻糬', 'ROYAL FAMILY MOCHI', '台湾麻糬\r\n有人叫它麻糬\r\n有人叫它大福\r\n不管它叫什么\r\n都是最有味道的零食\r\n世上零食万万千\r\n独爱麻糬还有谁？\r\nQ弹的外皮搭配各种不同内馅\r\n独有的口感满足了吃货的心', '台湾', 'Taiwan', '2021-05-13 13:48:20', '2021-05-13 14:00:51'),
(84, '北海翅', 'Crab Flavoured Nugget', 'Frozen Food Steamboat', '马来西亚', 'Malaysia', '2021-05-13 21:06:21', '2021-05-13 21:18:19'),
(85, '蟹柳卷', 'Oborotsuki', 'Mushroom\'s Oborotsuki 蟹柳卷 made from fish meat wrapped around crab sticks is an ideal choose as appetizer or as a soup.', '马来西亚', 'Malaysia', '2021-05-13 21:21:24', '2021-05-13 21:28:34'),
(86, '海鲜豆', 'Seafood Tofu', 'Mushroom Seafood Tofu', '马来西亚', 'Malaysia', '2021-05-13 21:30:23', '2021-05-13 22:00:06'),
(87, '竹轮 500g', 'Mini Chikuwa 500g', 'Mini Chikuwa a Japanese style fish cake. Best with hotpot or soup. Ideal for barbecue too.', '马来西亚', 'Malaysia', '2021-05-13 22:01:41', '2021-05-13 22:08:41'),
(88, '鲜蟹柳 500g', 'Imitation Crab Stick 500g', 'Imitation Crab Stick', '马来西亚', 'Malaysia', '2021-05-13 22:42:10', '2021-05-13 22:51:03'),
(89, '金包银 300g', 'Fish & Soy 300g', 'Fish & Soy 300g', '马来西亚', 'Malaysia', '2021-05-13 22:52:00', '2021-05-13 22:55:53'),
(90, '小白丸 (s)', 'White Fish Ball (s)', 'White Fish Ball (s)', '马来西亚', 'Malaysia', '2021-05-13 22:56:30', '2021-05-13 23:11:30'),
(91, 'TS猪肉丸大粒', 'TS Pork Balls', 'TS Pork Balls', '马来西亚', 'Malaysia', '2021-05-14 01:17:35', '2021-05-14 01:22:14'),
(92, 'TS猪肉丸 175g', 'TS Pork Balls 175g', 'TS Pork Balls 175g', '马来西亚', 'Malaysia', '2021-05-14 01:22:52', '2021-05-14 01:24:56'),
(93, '老干妈酱料系列', 'LAO GAN MA CHILI', '火遍全球的老干妈辣酱，只要有华人的地方就有老干妈辣酱！多种口味选择！\r\n\r\n油辣椒：这一瓶是老干妈的基础入门款，也是经典款之一，这瓶比较万能，拌饭、面和做蘸水都可以，是回购率最高的一款，用鼻子闻气味，辣椒的味道很香醇，配有大颗的脆生米，吃面的时候不会觉得口感单调。\r\n\r\n风味豆豉-油制辣椒：这是老干妈的第二大经典口味，由油辣椒+腌渍过的豆豉组成，但由于很多人吃不惯豆豉的味道，所以这瓶受欢迎程度分两极,因为豆豉的原因，这瓶口味有些偏咸，开盖后有很浓的豆豉味道，但不是臭臭的那种，适合夹在馒头里吃。\r\n\r\n精制牛肉末-豆豉油辣椒：这瓶其实就是在豆豉油辣椒的基础上加了一些牛肉末，开盖后不再是浓郁的豆豉味，多了一些牛肉的香气。\r\n\r\n风味鸡油辣椒：这一瓶鸡油辣椒是真的有大块鸡肉在里面，味道也很有贵州辣子鸡的风味，一开盖就能闻到很浓的辣子鸡香气，而且辣椒里面鸡肉的含量还不少，有的还是没带骨头的纯肉。\r\n\r\n干煸肉丝油辣椒：这瓶也是含肉的辣椒油，口感比较咸，但是含肉量高，辣椒香气浓，肉丝很大块，但是口感比较硬，吃起来像肉干，推荐给牙口比较好的人。（不得不说老干妈放肉还是挺舍得的）\r\n\r\n辣三丁油辣椒：辣三丁，顾名思义就是有三种食材组成，分别是：豆腐干、大头菜、花生米，一开盖就能闻到很香的气味，感觉比较适合拿来做下酒菜，可以尝试用来做凉拌菜的调料。\r\n\r\n番茄辣酱：这一瓶也是新包装、新口味，看起来最人畜无害的一瓶没想到是十几瓶里面最辣的，吃了一小口就被辣到脸红，味道闻起来很开胃，吃起来是酸辣的，和贵州的糟辣椒很像，适合拿来煮火锅吃，不能吃辣的朋友慎入。\r\n\r\n肉丝豆豉油辣椒：这一瓶油辣椒是味道最刺鼻的一款，豆豉味很浓郁，能接受的人应该比较少，豆豉有分为黑豆做的，黄豆做的，这瓶应该就是用黄豆做的，有一些臭臭的，口感也偏硬，肉丝也比较少。\r\n\r\n香辣菜：老干妈的香辣菜相信大部分的人都吃过，可以用来配粥、包馒头、炒菜用，是另一种形式的榨菜。\r\n\r\n香辣脆油辣椒：这款是比较偏淡的辣椒气味，纯辣椒保留辣椒原有的风味。\r\n\r\n红油腐乳：老干妈的红油腐乳开盖后，只有淡淡辣油的味道，但是吃起来口味还不错，老干妈的腐乳比较小块，一次正好可以吃一块，不容易浪费，吃起来有一点沙沙的口感。', '中国', 'China', '2021-05-14 06:48:28', '2021-05-14 07:54:41'),
(94, '韩国皇冠榛果巧克力酱威化饼条', 'Crown Heim Wafer Stick', '韩国皇冠榛果巧克力酱威化饼条 白巧克力 巧克力 142g （9包/盒）\r\n\r\n韩国制作进口、上班族、团购、大人小孩都喜欢吃的零嘴！香脆饼皮裹覆着香浓巧克力/白巧克力，浓郁顺口好吃，酥脆饼皮香脆，榛果夹心内馅满满得超浓郁，而且甜而不腻！。个别小包装方便携带，绝对是你的第一选择！', '韩国', 'Korea', '2021-05-14 09:04:48', '2021-05-14 09:16:55'),
(95, '农夫山泉 水溶 C100 果汁饮料', 'Nongfu Spring C100 Fruit Juice', '水溶C100是农夫山泉公司出品的一款柠檬味复合果汁饮料，补充维生素C为其主要功能，因口感独特，造型清新出众而深受年轻人的喜爱，如今已有多种口味供消费者选择。给夏日带来一份清爽。\r\n\r\n备注：饮品的某些成分可能会引起过敏反应，饮用前请参阅原包装上的饮品成分标签。', '中国', 'China', '2021-05-14 09:45:26', '2021-05-14 09:56:16'),
(96, '伊然 乳矿奶茶 400ml', 'Yili Milk Tea  400ml', 'Hello Kitty Yili Milk Tea No Cane Sugar Low Fat Hello Kitty 联名款伊利伊然乳矿奶茶0蔗糖低脂 [400ML]\r\n\r\n❤ No Cane Sugar 0蔗糖\r\n❤Low Fat 低脂\r\n❤Low Calorie 低卡路里\r\n❤ Good replacement for Milk Tea Lover 奶茶控的快乐水', '中国', 'China', '2021-05-14 09:58:20', '2021-05-14 10:03:35'),
(97, '新希望 V美饭后半小时乳酸菌', 'V美 Lactobacillus', '饭后半小时，适合散散步走走让肠胃稍稍可以消化下，但如果你太懒了，那你可能需要新希望的六果三蔬乳酸菌饮料！要肠胃蠕动，那就来瓶乳酸菌为你的健康助力吧！新希望的饭后半小时乳酸菌，一共添加了9种蔬果，并且整体蔬果汁的含量高达15%！除此之外还有6种乳酸菌在饮料里面，喝起来酸酸甜甜，丝滑非常。除了原味的，添加了蓝莓和草莓味的乳酸菌饮料更为香甜，唇齿留香哦！\r\n\r\n➤ 香蕉牛奶饮品\r\n\r\n香甜的新鲜香蕉制成容易保存的香蕉酱，再和荷斯坦奶牛的新鲜牛奶做搭配，蛋白质比普通牛奶还高！喝上去还有蜂蜜的香气哦', '中国', 'China', '2021-05-14 10:08:12', '2021-05-14 10:26:21'),
(98, '白家陈记酸辣粉丝 108g', 'Bai Jia Chen Ji Instant Noodle Series 108g', '白家陈记重庆酸辣粉\r\n\r\n第一次尝到这产品的感觉是什么？实惠，好吃，健康，方便！为何呢？粉丝是非油炸制作，而且免煮，所以吃起来身体没负担，更健康，随时想吃时热水一泡很快就可以吃了，所以很方便，不必身在重庆，吃上一碗就感觉身在重庆咯！最重要的是，价格还很便宜呢，所以连荷包的负担也小了！\r\n\r\n粉丝晶莹剔透，吃在嘴里感觉缠绵又清爽，麻辣的酱料配上陈年食醋，再加上随附的香葱，增香提味，料包里还有酥脆的小黄豆，在米线缠绵的口感之外再增加咀嚼的快感。\r\n\r\n白家陈记的粉丝团队，在这个夏天，冒着重庆的酷暑，吃遍重庆大街小巷的招牌酸辣粉，终得以中和出正宗重庆酸辣粉之味。凭借着自身多年的方便粉丝生产实力，今天将重庆酸辣粉送到您的面前。\r\n\r\n不到重庆，也能吃到正宗重庆酸辣味！', '中国', 'China', '2021-05-14 10:35:46', '2021-05-14 11:06:07'),
(99, '白家阿宽重庆小面麻辣味桶装 105g', 'Bai Jia Akuan ChongQing Hot & Spicy Instant Soup', '阿宽四川重庆麻辣小面\r\n\r\n重庆小面一款发源于重庆的一种特色传统小吃，是重庆面食中最简单的一种。\r\n重庆小面为何称为小面？在老重庆的语系中，小就是素的意思，所以重庆麻辣小面指的就是麻辣素面，即是没加佐料的面食。有分干面与汤面两种类型。\r\n阿宽麻辣小面采用传统工艺制成的红油辣子，加上芝麻让麻辣鲜香的滋味更加香浓！阿宽酸辣小面则是在麻辣的调味基础上增加了粮食发酵的醇厚老陈醋，添加醇厚酸爽的口感滋味。\r\n阿宽重庆小面的使用方法非常简单方便，干面皮不需水煮，直接以开水冲泡6分钟后，然后加入调味料拌匀，可以随个人喜好添加时蔬，即可食用。\r\n阿宽面皮非油炸制作，而是以高温熟化干燥而成，让方便美食更健康，更美味！', '中国', 'China', '2021-05-14 11:06:26', '2021-05-14 11:16:13'),
(100, '康师傅葱烧排骨面 桶装114g', 'MASTER KANG PORK RIB NOODLE Cup 114g', '【康师傅葱烧排骨面】\r\n严选上好排骨肉，出水后融合地道的酱料先翻炒再以中火炖烧细烹入味，酱香鲜浓醇厚，勾人食欲，再搭配爽滑的面条，嗯，这个味儿香！??\r\n康师傅面都是真材实料，现在加上更丰富的配料，急火爆香，小火慢炖，汤头更香浓，面粉多加鸡蛋并有精湛工艺生产出的面条，更营养更爽滑，吃不断的营养美味！❤️?', '中国', 'China', '2021-05-14 11:28:12', '2021-05-14 11:31:39'),
(101, '族趣一派 猪肉炖粉条 128g', 'Pork stew noodles 128g', '族趣一派 猪肉炖粉条 128g', '中国', 'China', '2021-05-14 11:33:30', '2021-05-14 11:47:53'),
(103, '江记福州鱼丸', 'Fuzhou Meat Fish Ball', '江记福州鱼丸里面馅料是猪肉', '马来西亚', 'Malaysia', '2021-05-14 20:58:49', '2021-05-14 21:09:37'),
(104, 'LOUIS RICH 猪排', 'LOUIS RICH THAI PORK STEAK', '- 此猪排已用美味的调味料腌制，您只需10分钟就可以方便快捷地煮好。\r\n\r\n- 用了瘦肉和脂肪比例高的猪肩肉制成，简直就是多汁、嫩滑、美味的体验。\r\n\r\n4种口味可供选择：\r\n\r\n☞原味：清淡的调味料，带有芳香温和的西方草药香气。\r\n☞黑胡椒：烟熏黑胡椒，略带辣味，适合大众的口味。\r\n☞韩式酱汁：韩式的丰富甜香味。\r\n☞日本烧汁：日本烤肉用的经典味道醇厚的烧汁味\r\n\r\n烹饪说明：解冻，用平底锅每面煎约5分钟，或用空气煎锅在180摄氏度下烤4-5分钟。', '马来西亚', 'Malaysia', '2021-05-15 04:48:56', '2021-05-15 05:15:11'),
(105, 'EBF 腐皮鱼籽夹 450g', 'EBF Fish Roe & Soy 450g', 'EBF 腐皮鱼籽夹 450g', '马来西亚', 'Malaysia', '2021-05-15 05:40:41', '2021-05-15 09:36:07'),
(106, 'EBF 鱼籽福袋 160g', 'EBF Fish Roe Lucky Bag 160g', '福袋粒装着满满的鱼汁，\r\n一口咬下去，口感难以形容??爽！\r\n 一粒粒的鱼子在口中爆开！\r\n一包6粒 ！ 超大颗！ \r\n高蛋白*\r\n无反式脂肪*\r\n满满的鱼籽', '马来西亚', 'Malaysia', '2021-05-15 09:38:02', '2021-05-15 09:44:00'),
(107, 'EBF 小葉虾滑 130g', 'EBF Mydaun Prawn Paste Small 130g', 'EBF 小葉虾滑 130g', '马来西亚', 'Malaysia', '2021-05-15 09:46:46', '2021-05-15 09:51:51'),
(108, 'EBF 芝芯豆腐 380g', 'EBF Flower Cheese TOFU 380g', '芝芯豆腐 380g', '马来西亚', 'Malaysia', '2021-05-15 09:52:35', '2021-05-15 09:57:45'),
(109, 'EBF 多春鱼 500g', 'EBF Shishamo 500g', 'EBF 多春鱼 500g', '马来西亚', 'Malaysia', '2021-05-15 09:58:32', '2021-05-15 10:03:00'),
(110, 'EBF 北海翅 500g', 'EBF Crab Nugget 500g', 'EBF 北海翅 500g', '马来西亚', 'Malaysia', '2021-05-15 10:03:55', '2021-05-15 10:14:09'),
(111, 'EBF 龙虾球 500g', 'EBF Lobster 500g', 'EBF 龙虾球 500g', '马来西亚', 'Malaysia', '2021-05-15 10:16:27', '2021-05-15 10:29:32'),
(112, 'EBF 芝士豆腐 500g', 'EBF Cheese TOFU 500g', 'EBF 芝士豆腐 500g', '马来西亚', 'Malaysia', '2021-05-15 10:29:56', '2021-05-15 10:49:41'),
(113, 'EBF 鱼肉三文治 500g', 'EBF Fish Sandwich 500g', 'EBF 鱼肉三文治 500g', '马来西亚', 'Malaysia', '2021-05-15 10:51:14', '2021-05-15 10:57:27'),
(114, '韩国乐天午餐肉 340g', 'Korea Lotte Luncheon Meat  340g', '网络畅销?韩国午餐肉\r\n试过了你就知道它有多好吃?\r\n✔️鸡肉➕猪肉组合，口感一级棒?\r\n✔️口味绝佳，吃过你就会忍不住回购?', '韩国', 'Korea', '2021-05-15 11:06:17', '2021-05-15 11:12:46'),
(115, '东方制造气泡水 480ml', 'Oriental Sparkling Water 480ml', '东方制造气泡水', '马来西亚', 'Malaysia', '2021-05-15 12:25:36', '2021-05-15 12:42:38'),
(116, '贝纳颂咖啡 拿铁350ml', 'Benasson Coffee Latte 350ml', '贝纳颂咖啡 拿铁350ml', '中国', 'China', '2021-05-15 12:46:20', '2021-05-15 12:56:07'),
(117, '挑吃兔 多种小零食 开袋即吃', 'TIAO CHI TU SNACKS', '挑吃兔多种小零食', '中国', 'China', '2021-05-20 10:18:31', '2021-05-20 10:43:23'),
(118, '海底捞 素食自热火锅', 'Haidilao Lazy Steamboat', '海底捞自热火锅 香辣蔬菜/番茄蔬菜懒人火锅Haidilao Lazy Steamboat Spicy vege / Tomato Vege Instant Noodle hotpot', '中国', 'China', '2021-05-20 16:13:09', '2021-05-20 16:39:18'),
(119, '卫龙魔芋爽 18g', 'WeiLong Spicy Snacks 18g', '卫龙魔芋爽素毛肚香辣/麻辣/酸辣3种口味18g 散装WeiLong Konjac 3 Flavors18g\r\n卫龙“魔芋爽”采用上等魔芋精制而成，超弹爽滑的魔芋条，搭配鮮香麻辣的红油，闻之川香四溢，食之鲜嫩可口，叫人欲罢不能！魔芋富含多种氨基酸，矿物质微量元素和丰富的膳食纤维，具有低热量，低脂肪的特点，被誉为“魔力食品”，“神奇食品”，“健康食品”。香辣弹脆口感，酸辣肉口感，值得一试！', '中国', 'China', '2021-05-20 16:55:46', '2021-05-20 17:06:51'),
(120, 'V2000 脆笋卤笋 238克', 'V2000 Braised Bamboo 238G', '美味佳肴脆笋', '中国', 'China', '2021-05-21 04:16:51', '2021-05-21 04:40:16'),
(121, 'V2000小白笔记 香辣海带脆笋118g', 'V2000Crispy kelp bamboo shoots 118g', '香辣海带+脆笋美味鲜香', '中国', 'China', '2021-05-21 04:41:35', '2021-05-21 05:04:50'),
(122, '上好佳田园薯片 50g', 'OISHI POTATO CHIPS 50G', '王一博新品代言的上好佳田园薯片！~\r\n\r\n口味任选，超级实惠，超级好吃！~\r\n\r\n老品牌值得信赖！~', '中国', 'China', '2021-05-21 05:14:26', '2021-05-21 05:33:23'),
(123, '海底捞桶面 番茄什锦粉 116G', 'Hai Di Lao Tomato Flavour Instant Vermicelli', '这款必须推荐你啦~~ 汤底真的是绝了?', '中国', 'China', '2021-05-21 05:43:12', '2021-05-21 06:02:49'),
(124, '白家阿宽 大厨外卖袋装面', 'Baijia Akuan Chef Takeaway Noodles', '白家阿宽 大厨外卖袋装面', '中国', 'China', '2021-05-22 12:00:41', '2021-05-22 12:17:23'),
(125, '曾一蒸红油抄手 10粒', 'Chen Red Sauce Dumpling 10pcs', '红油抄手是四川和重庆的地方特色小吃，属于川菜系，皮薄鲜嫩的饺子加上汤汁的微辣浓香，是中式餐厅必点菜之一。既然这是一道饺子与红油的结合\r\n无需解冻可以直接蒸煮\r\n超快速8分钟马上可以吃啦！\r\n顾客还可以加上自己喜爱的配料哟！\r\n如：香菜，葱段等等~\r\n火红红油抄手 300g/盒', '马来西亚', 'Malaysia', '2021-05-26 03:28:59', '2021-05-26 03:43:52'),
(126, 'JAT 双倍芝士馒头15粒', 'JAT Cheese Mantou 15pcs', '精致双倍芝士馒头 \r\n馅料饱满蒸或炸都能满足你的味蕾', '马来西亚', 'Malaysia', '2021-05-26 05:05:14', '2021-05-26 05:11:06'),
(127, '曾一蒸 一口糯米鸡 6粒', 'Chen Mini Loh Mai Kai 6pcs', '一口糯米鸡\r\n每口馅料十足 美味', '马来西亚', 'Malaysia', '2021-05-26 05:11:36', '2021-05-26 05:17:37');

INSERT INTO `item_images` (`id`, `item_id`, `image`, `created_at`, `updated_at`) VALUES
(4, 2, 'https://management.newrainbowmarket.com/img/items/2/r2zrlcwqTRaUviN9HIGPJAummyiun8wAQ2bZOe2w.jpg', '2021-05-11 02:05:34', '2021-05-11 02:05:34'),
(3, 2, 'https://management.newrainbowmarket.com/img/items/2/fKMzeKilBKWeS0wauEOcclD7IIG9AxoelywNfY2Q.jpg', '2021-05-11 01:36:34', '2021-05-11 01:36:34'),
(5, 34, 'https://management.newrainbowmarket.com/img/items/34/3BRuwbxSDLe3Cv06iRJXHKZxpXDB6EjPVoxXAyI7.jpg', '2021-05-11 04:53:05', '2021-05-11 04:53:05'),
(6, 39, 'https://management.newrainbowmarket.com/img/items/39/blXzA45E53p3Ny4yac2CO6Feyom4so5vgkxJemVz.jpg', '2021-05-11 05:05:34', '2021-05-11 05:05:34'),
(7, 38, 'https://management.newrainbowmarket.com/img/items/38/Z1367Sa6MkcXpPzjsFrMf7etivSiAx32q9O4zuH1.jpg', '2021-05-11 05:18:24', '2021-05-11 05:18:24'),
(8, 38, 'https://management.newrainbowmarket.com/img/items/38/lmXIIF7zINUqu7csAy6YL3IF7AmJkrPevDuEstmo.jpg', '2021-05-11 05:18:24', '2021-05-11 05:18:24'),
(9, 38, 'https://management.newrainbowmarket.com/img/items/38/DVxo2BRhFULkl27fX0I9x0KcMAWOuGAwllRkFYiH.jpg', '2021-05-11 05:18:24', '2021-05-11 05:18:24'),
(10, 37, 'https://management.newrainbowmarket.com/img/items/37/fWNc4JOPCXVI28gOjsoYfqsFZFuN4pQYs40D5D0e.jpg', '2021-05-11 05:34:13', '2021-05-11 05:34:13'),
(11, 35, 'https://management.newrainbowmarket.com/img/items/35/0d1UgfrPmHfAYlWMpC1cVA8I7rZ3glKS0FRVRt0U.jpg', '2021-05-11 05:43:55', '2021-05-11 05:43:55'),
(12, 35, 'https://management.newrainbowmarket.com/img/items/35/UgolNyQtQ8noHdc3hlibvuABIXcWkaZQiY19cDVC.jpg', '2021-05-11 05:43:55', '2021-05-11 05:43:55'),
(13, 36, 'https://management.newrainbowmarket.com/img/items/36/G5J4uOwIHutRCbaA7ukdICRNsjSqk4aK4LwXnvFv.jpg', '2021-05-11 06:08:05', '2021-05-11 06:08:05'),
(14, 33, 'https://management.newrainbowmarket.com/img/items/33/UuQv8lA954w5SaYgp9QaZPfyteecwzGoEw80LbHB.jpg', '2021-05-11 06:14:46', '2021-05-11 06:14:46'),
(15, 33, 'https://management.newrainbowmarket.com/img/items/33/Zycsk3o0FSVXA5yvhmAnF0QjElp9vP7fYPRVZNtr.jpg', '2021-05-11 06:14:47', '2021-05-11 06:14:47'),
(16, 33, 'https://management.newrainbowmarket.com/img/items/33/NWhHgRV31byzdusVfyWjIggXHWkZOJSCE1eM9owT.jpg', '2021-05-11 06:14:47', '2021-05-11 06:14:47'),
(131, 18, 'https://management.newrainbowmarket.com/img/items/18/eQytHNpjieFZoEbn9Z7QRwnyRmvyIxTGxcQx6UhL.jpg', '2021-05-13 05:59:18', '2021-05-13 05:59:18'),
(126, 30, 'https://management.newrainbowmarket.com/img/items/30/tbUyUwATNmaXAWfGA7rFhw0y2tYlGIn8WOtDxmmQ.jpg', '2021-05-13 04:22:59', '2021-05-13 04:22:59'),
(127, 21, 'https://management.newrainbowmarket.com/img/items/21/FsAjwjjgkMZb3rJ1UDqEwmlh35ALzTSHG1AeKycL.jpg', '2021-05-13 04:26:31', '2021-05-13 04:26:31'),
(125, 31, 'https://management.newrainbowmarket.com/img/items/31/DCpI03iSUP5eZgBBkVe12m8KFydZvKOJ7UURtIr6.jpg', '2021-05-13 04:22:32', '2021-05-13 04:22:32'),
(122, 24, 'https://management.newrainbowmarket.com/img/items/24/OV5lhnRBocEiaXhhRAYAGa9VxWm46pxAthdXohfe.jpg', '2021-05-13 04:17:25', '2021-05-13 04:17:25'),
(121, 28, 'https://management.newrainbowmarket.com/img/items/28/Y2azqGnqlkqXOgcGcuyNnN4K7y5OEzLCi5E3WbOn.jpg', '2021-05-13 04:16:28', '2021-05-13 04:16:28'),
(23, 77, 'https://management.newrainbowmarket.com/img/items/77/IWnO1zprKOqV2KJShejzZUpWR8kXS7vIE16qhJ9L.jpg', '2021-05-11 23:16:58', '2021-05-11 23:16:58'),
(24, 76, 'https://management.newrainbowmarket.com/img/items/76/G4JDLJBlUViqdFLNoWqabDmd8KuPhkIo6jHnqK7A.jpg', '2021-05-12 03:29:57', '2021-05-12 03:29:57'),
(25, 75, 'https://management.newrainbowmarket.com/img/items/75/bk4DZ7B8GOP72TOSPRenyYm5tstq09eJ7CdcipRm.jpg', '2021-05-12 03:49:51', '2021-05-12 03:49:51'),
(26, 74, 'https://management.newrainbowmarket.com/img/items/74/ZH8ISJ8lKeCKnmGtJSqbsnryZH6mpp5ebg1A61ug.jpg', '2021-05-12 03:54:26', '2021-05-12 03:54:26'),
(27, 73, 'https://management.newrainbowmarket.com/img/items/73/RtR639StBvjoX4Bckfyi1b1JJKrkbhMylsHio3Z4.jpg', '2021-05-12 04:05:58', '2021-05-12 04:05:58'),
(28, 72, 'https://management.newrainbowmarket.com/img/items/72/nQ8OnG8O93mdIMtTbOw9QOeoniuw5fy9sBi7BM8w.jpg', '2021-05-12 06:35:57', '2021-05-12 06:35:57'),
(29, 71, 'https://management.newrainbowmarket.com/img/items/71/w6Hb8D8qhFhW20DY2gbuddFVVofQthYsbgJ3NZr9.jpg', '2021-05-12 06:44:28', '2021-05-12 06:44:28'),
(30, 70, 'https://management.newrainbowmarket.com/img/items/70/F6TchOfcewXPxrf1zBNmwtChZbIUFltOXlFBV67L.jpg', '2021-05-12 06:52:00', '2021-05-12 06:52:00'),
(31, 69, 'https://management.newrainbowmarket.com/img/items/69/ivmorIsJIyjnqYyf48r9FbFGOr5ThYmUSbbH7aWK.jpg', '2021-05-12 06:54:55', '2021-05-12 06:54:55'),
(32, 68, 'https://management.newrainbowmarket.com/img/items/68/Am7FrXqKgC4fVw8SdotwS9n8wPSvYOhGh2Oo3thj.jpg', '2021-05-12 06:56:52', '2021-05-12 06:56:52'),
(33, 67, 'https://management.newrainbowmarket.com/img/items/67/ocFb844eMlISoxsCtWIsrakfrs2Vj7ZBRmsTz2Ee.jpg', '2021-05-12 07:01:08', '2021-05-12 07:01:08'),
(34, 66, 'https://management.newrainbowmarket.com/img/items/66/EC1BG2CrGdFI7iNkKYf71XJbXAvHyhPWwJQZHogk.jpg', '2021-05-12 07:07:51', '2021-05-12 07:07:51'),
(35, 66, 'https://management.newrainbowmarket.com/img/items/66/CCn0SiVhHgLd8btc6NBYLHooRYoDuCxkvCPsPSOj.jpg', '2021-05-12 07:07:52', '2021-05-12 07:07:52'),
(36, 66, 'https://management.newrainbowmarket.com/img/items/66/hxGufB8CdPiQ6NId8wWn8STnVbippoLO3aahSpQC.jpg', '2021-05-12 07:07:52', '2021-05-12 07:07:52'),
(37, 66, 'https://management.newrainbowmarket.com/img/items/66/XwSZvdygLdUlABT0d3HjuWStinPAfYiFwCTc7fXK.jpg', '2021-05-12 07:07:53', '2021-05-12 07:07:53'),
(38, 65, 'https://management.newrainbowmarket.com/img/items/65/LlO9nV2Og01XJ5WbKHAXCYic4ywF5FDHwKV2lU6x.jpg', '2021-05-12 07:12:39', '2021-05-12 07:12:39'),
(39, 65, 'https://management.newrainbowmarket.com/img/items/65/HbPQVKu1Nz02cD9gpaoxjIsvic7kbRq6u3H2NvlL.jpg', '2021-05-12 07:12:39', '2021-05-12 07:12:39'),
(40, 65, 'https://management.newrainbowmarket.com/img/items/65/Ib3Me8T7pJhK0b3oJc4yuvdLiYhX0fFtUcNXyJ9V.jpg', '2021-05-12 07:12:39', '2021-05-12 07:12:39'),
(41, 65, 'https://management.newrainbowmarket.com/img/items/65/FThKxoyNNj9ig3k38aRAiBU5quG2mIOerLo64Y1P.jpg', '2021-05-12 07:12:39', '2021-05-12 07:12:39'),
(42, 64, 'https://management.newrainbowmarket.com/img/items/64/ACDUkwO6kLKLtO9sfxvhzn1oSgduv93je0QFeMSQ.jpg', '2021-05-12 07:26:10', '2021-05-12 07:26:10'),
(43, 64, 'https://management.newrainbowmarket.com/img/items/64/rOxJEubiSoedt38NnB2JeDzSdgrlkzwYk2K1koCn.jpg', '2021-05-12 07:26:11', '2021-05-12 07:26:11'),
(44, 64, 'https://management.newrainbowmarket.com/img/items/64/x8kdGiCZpLNZUd3rqtZHqhwuC7GqmF37Rm4z4T33.jpg', '2021-05-12 07:26:12', '2021-05-12 07:26:12'),
(45, 64, 'https://management.newrainbowmarket.com/img/items/64/8wzo1ikyBg2GpxfVfFF8ypPIVZXPEPPk5E7mFvK3.jpg', '2021-05-12 07:26:12', '2021-05-12 07:26:12'),
(46, 64, 'https://management.newrainbowmarket.com/img/items/64/ZKsggxP2QfOIi7WOdFxzuerV7HEV7RScKG1l9kjY.jpg', '2021-05-12 07:26:12', '2021-05-12 07:26:12'),
(47, 63, 'https://management.newrainbowmarket.com/img/items/63/yS5fpBHLgPoSZZZsYLT4fI5hUrkli23rAjZHvKmm.jpg', '2021-05-12 07:33:00', '2021-05-12 07:33:00'),
(48, 63, 'https://management.newrainbowmarket.com/img/items/63/zhCyzorvul3d3j8DeQ3lInf593QNFOWpKYOFY3K1.jpg', '2021-05-12 07:33:00', '2021-05-12 07:33:00'),
(49, 63, 'https://management.newrainbowmarket.com/img/items/63/QgtgXJuOYQNO990eIffV6V3vrd29V0HO0sFbMfxU.jpg', '2021-05-12 07:33:01', '2021-05-12 07:33:01'),
(50, 63, 'https://management.newrainbowmarket.com/img/items/63/ORMdJMMRjM4vSh3smQ9HtNXZFkHDO7tPXZIp0xOG.jpg', '2021-05-12 07:33:01', '2021-05-12 07:33:01'),
(51, 62, 'https://management.newrainbowmarket.com/img/items/62/B4cyE8rFlhOMHB3C9SANHeG874dix9xcTPUalAMs.jpg', '2021-05-12 08:04:59', '2021-05-12 08:04:59'),
(52, 62, 'https://management.newrainbowmarket.com/img/items/62/oi3lLgPsPpG1ZGDxb1MHz2yHq5lYeE8Yz3auagC8.jpg', '2021-05-12 08:04:59', '2021-05-12 08:04:59'),
(53, 62, 'https://management.newrainbowmarket.com/img/items/62/KoEXKMxgEZ3rLuSaR6hvh9v9d7vaS3GwvarCsOG2.jpg', '2021-05-12 08:05:01', '2021-05-12 08:05:01'),
(54, 62, 'https://management.newrainbowmarket.com/img/items/62/T8K1WnwqBhWmn00gicXtrwxy11dvtmtPGI0HYoUn.jpg', '2021-05-12 08:05:02', '2021-05-12 08:05:02'),
(55, 62, 'https://management.newrainbowmarket.com/img/items/62/upjDiTLocFHzvWDwVTBn2CIt1iXfF5aR2FRZ29CJ.jpg', '2021-05-12 08:05:02', '2021-05-12 08:05:02'),
(56, 61, 'https://management.newrainbowmarket.com/img/items/61/EPFIx2g0N9i5YTSr7XELRCZUVZ8wZEx7TCkXNvwz.jpg', '2021-05-12 08:10:44', '2021-05-12 08:10:44'),
(57, 61, 'https://management.newrainbowmarket.com/img/items/61/041aif7lrF9FVlR26RqIcix0FSrsVKJKmVOBg0Eh.jpg', '2021-05-12 08:10:44', '2021-05-12 08:10:44'),
(58, 61, 'https://management.newrainbowmarket.com/img/items/61/c9FEUyHIDZ8rjWZE2lveNLeIQbMtI2Dj5VnyjqtL.jpg', '2021-05-12 08:10:44', '2021-05-12 08:10:44'),
(59, 61, 'https://management.newrainbowmarket.com/img/items/61/cV04UnMgppxxPyM7gIpWpsJduBAB8JeNdZPcSzxt.jpg', '2021-05-12 08:10:45', '2021-05-12 08:10:45'),
(60, 60, 'https://management.newrainbowmarket.com/img/items/60/FRicZKoTmqxznZC1rN4Q6Jn7AgpnVP23UDTbKMks.jpg', '2021-05-12 08:28:16', '2021-05-12 08:28:16'),
(61, 60, 'https://management.newrainbowmarket.com/img/items/60/I3gUyOSFHKV7BTTHIr10a0IcWJxBDf4z5zwrqhrL.jpg', '2021-05-12 08:28:17', '2021-05-12 08:28:17'),
(62, 60, 'https://management.newrainbowmarket.com/img/items/60/nsmH4p5SD85sVIV0SWA4Fu9zuhGRhSKFt3tYubnE.jpg', '2021-05-12 08:28:17', '2021-05-12 08:28:17'),
(63, 60, 'https://management.newrainbowmarket.com/img/items/60/jLvJtc7h3gVAf3eBNodHABBlqNVxCI7oEWNoZ9Pn.jpg', '2021-05-12 08:28:17', '2021-05-12 08:28:17'),
(64, 59, 'https://management.newrainbowmarket.com/img/items/59/jZFdFHyRwNKkvSax5DBfaClH2dEtALQLc0AHLJ1x.jpg', '2021-05-12 08:33:06', '2021-05-12 08:33:06'),
(65, 59, 'https://management.newrainbowmarket.com/img/items/59/CNygSupCksS4Mm3PraMZFsiU29dfMryG7jXsZ37Q.jpg', '2021-05-12 08:33:07', '2021-05-12 08:33:07'),
(66, 59, 'https://management.newrainbowmarket.com/img/items/59/UuxWyZDnPkdKp8biKR4RWmfqwaRkJwesfBIoNJxj.jpg', '2021-05-12 08:33:07', '2021-05-12 08:33:07'),
(67, 58, 'https://management.newrainbowmarket.com/img/items/58/nA2qFHbL9BVccx2ZQzdbkqGatIY6c8xilXAJt9yq.jpg', '2021-05-12 08:41:30', '2021-05-12 08:41:30'),
(68, 58, 'https://management.newrainbowmarket.com/img/items/58/JvrlBKEIXCIChkNxkQENncENhMeETDtyeTxdWqGB.jpg', '2021-05-12 08:41:31', '2021-05-12 08:41:31'),
(69, 58, 'https://management.newrainbowmarket.com/img/items/58/9g0n0BNJ5CSbymvA9hUoVCMO3aR3FTojF4GpiT2o.jpg', '2021-05-12 08:41:31', '2021-05-12 08:41:31'),
(70, 58, 'https://management.newrainbowmarket.com/img/items/58/sRegpkx6Qie15OlW5fXhqEwzYuLJhS2j4eDca8HP.jpg', '2021-05-12 08:41:32', '2021-05-12 08:41:32'),
(71, 58, 'https://management.newrainbowmarket.com/img/items/58/D0EWbYwWLCDLs23byrcZBtMPvHSXBcwod7pvYm3X.jpg', '2021-05-12 08:41:32', '2021-05-12 08:41:32'),
(72, 57, 'https://management.newrainbowmarket.com/img/items/57/SRsngpn78FMG5H7sfimWwlpIs25E7wVzig6uViK4.jpg', '2021-05-12 08:49:29', '2021-05-12 08:49:29'),
(73, 57, 'https://management.newrainbowmarket.com/img/items/57/RXqMWO5WyOGeC8M85I5Y7QolETges8QIgaaRasX5.jpg', '2021-05-12 08:49:30', '2021-05-12 08:49:30'),
(74, 57, 'https://management.newrainbowmarket.com/img/items/57/iwcu74CLt1Dbj8RwNFf6HaJwDbN2PXoFM7F9GxPy.jpg', '2021-05-12 08:49:30', '2021-05-12 08:49:30'),
(75, 56, 'https://management.newrainbowmarket.com/img/items/56/7gBPkW0pFV5htrZUPmKB8eJQpj3An2S6JRjrXngh.jpg', '2021-05-12 08:54:00', '2021-05-12 08:54:00'),
(76, 56, 'https://management.newrainbowmarket.com/img/items/56/G2b9IrDWSmTqA0xjBw9Xsko47UW8qhKkncTvGK91.jpg', '2021-05-12 08:54:00', '2021-05-12 08:54:00'),
(77, 56, 'https://management.newrainbowmarket.com/img/items/56/TnExZxXReHVErZwfvDJDO4N5Y7yXz0JFp3xBJf6y.jpg', '2021-05-12 08:54:01', '2021-05-12 08:54:01'),
(78, 56, 'https://management.newrainbowmarket.com/img/items/56/f6xr1FhuYYzXNhxkiFpR4An3aZyxzL0GvqsZSPuv.jpg', '2021-05-12 08:54:03', '2021-05-12 08:54:03'),
(79, 55, 'https://management.newrainbowmarket.com/img/items/55/cX1KMa1GbM6HGvWQU5TnYmBdGsngrKfR9Vplavsb.jpg', '2021-05-12 09:01:39', '2021-05-12 09:01:39'),
(80, 55, 'https://management.newrainbowmarket.com/img/items/55/XeXNJaCeRJJbpo4oFnGDjtjswvYSViBmbVE75uu2.jpg', '2021-05-12 09:01:40', '2021-05-12 09:01:40'),
(81, 55, 'https://management.newrainbowmarket.com/img/items/55/mPoLiFzfOULpJM3wOeOjvpORSMLU9fDIQYPWSNW4.jpg', '2021-05-12 09:01:40', '2021-05-12 09:01:40'),
(82, 55, 'https://management.newrainbowmarket.com/img/items/55/wzyv1PotDDta6XybRndUcu8cIvmNdGXGrlMsc1dR.jpg', '2021-05-12 09:01:40', '2021-05-12 09:01:40'),
(83, 54, 'https://management.newrainbowmarket.com/img/items/54/bCoAEHlvBTdrp8PjL1UFFiBkTAbMAsCSqknKOqFV.jpg', '2021-05-12 09:08:15', '2021-05-12 09:08:15'),
(84, 53, 'https://management.newrainbowmarket.com/img/items/53/QhNUi3uZ00cbd3L1HcVKm9MYJD5EYcNxCm1GWW5k.jpg', '2021-05-12 09:15:14', '2021-05-12 09:15:14'),
(85, 53, 'https://management.newrainbowmarket.com/img/items/53/4EYjONDzdVCdJNJHd29N0huGFOVdUyN3sgQ20E4I.jpg', '2021-05-12 09:15:14', '2021-05-12 09:15:14'),
(86, 53, 'https://management.newrainbowmarket.com/img/items/53/E2hZ11K3p17ZhI34a0C5xdKRJC5B3HneCXfn1amC.jpg', '2021-05-12 09:15:14', '2021-05-12 09:15:14'),
(87, 53, 'https://management.newrainbowmarket.com/img/items/53/LMAtasZePMz7XA9nXjlZov5O7zZcC06tw6pws7Qx.jpg', '2021-05-12 09:15:15', '2021-05-12 09:15:15'),
(88, 53, 'https://management.newrainbowmarket.com/img/items/53/jsJp7Ba4UaRDWlDVpPRslRGv0OiBcw2wSxyscRAn.jpg', '2021-05-12 09:15:15', '2021-05-12 09:15:15'),
(89, 53, 'https://management.newrainbowmarket.com/img/items/53/3ZjU3q5sI2kxHzfSiTkXmcUoTkSIcIBImkIOnEsa.jpg', '2021-05-12 09:15:15', '2021-05-12 09:15:15'),
(90, 53, 'https://management.newrainbowmarket.com/img/items/53/2xGzAnjF7MltDUPYRr58OsQWheEpICxgx9RWRPHn.jpg', '2021-05-12 09:15:15', '2021-05-12 09:15:15'),
(91, 52, 'https://management.newrainbowmarket.com/img/items/52/IQOy5UbrQTj7BV4mreSnW1hJiAEmXeMspSSGo76Q.jpg', '2021-05-12 09:24:30', '2021-05-12 09:24:30'),
(92, 52, 'https://management.newrainbowmarket.com/img/items/52/lby2v1cUU5H7F2PXhnifKW9WuqlOdF9WcZBNXD0L.jpg', '2021-05-12 09:24:31', '2021-05-12 09:24:31'),
(93, 52, 'https://management.newrainbowmarket.com/img/items/52/xgOaOe3wpCPth41s3LguqupNx09S1fACHcdaDsZA.jpg', '2021-05-12 09:24:31', '2021-05-12 09:24:31'),
(94, 52, 'https://management.newrainbowmarket.com/img/items/52/FQCwDhlgCvXt1pCqsME3rssHphtlBz43nrVFRF2z.jpg', '2021-05-12 09:24:31', '2021-05-12 09:24:31'),
(137, 51, 'https://management.newrainbowmarket.com/img/items/51/NOgVRTApVuMAXdzE9MNWYZ6bQa1uL4MhX8GYyrgI.jpg', '2021-05-13 07:39:58', '2021-05-13 07:39:58'),
(138, 51, 'https://management.newrainbowmarket.com/img/items/51/MsCOboQHJcJjDfhulYxShXTyehybjTmAl3yMFafn.jpg', '2021-05-13 07:39:58', '2021-05-13 07:39:58'),
(139, 51, 'https://management.newrainbowmarket.com/img/items/51/DD14vYthIIIU7o8DPQDxhW2g7fZ6sj9PBWmQizDP.jpg', '2021-05-13 07:39:59', '2021-05-13 07:39:59'),
(98, 49, 'https://management.newrainbowmarket.com/img/items/49/xoE9gonCSWQIUequVlycDDRx8hoPO8NqGAvJqp78.jpg', '2021-05-12 10:10:54', '2021-05-12 10:10:54'),
(99, 48, 'https://management.newrainbowmarket.com/img/items/48/kJW5hXBAx5uYRajyFUgImXx8kBWTijijOgvlodQv.jpg', '2021-05-12 10:33:03', '2021-05-12 10:33:03'),
(100, 48, 'https://management.newrainbowmarket.com/img/items/48/70fZBREmPUY80cgk5K2nVbv7IUgxxDNBJHla4PyP.jpg', '2021-05-12 10:33:03', '2021-05-12 10:33:03'),
(101, 47, 'https://management.newrainbowmarket.com/img/items/47/BgdVRp3Sb8AzjZ6erheeKDDLWQXPqA3Ad87VnHMS.jpg', '2021-05-12 11:03:52', '2021-05-12 11:03:52'),
(102, 47, 'https://management.newrainbowmarket.com/img/items/47/QvB9ah8QSYnuXHZBweebKa39XBnQJ7FzRAdulDW7.jpg', '2021-05-12 11:03:53', '2021-05-12 11:03:53'),
(103, 47, 'https://management.newrainbowmarket.com/img/items/47/z29fXEPX8AgQ7gsfEYVmWvLHVxeZN7Se8uwv058y.jpg', '2021-05-12 11:03:53', '2021-05-12 11:03:53'),
(104, 45, 'https://management.newrainbowmarket.com/img/items/45/JmuL7kgVe3xRjAyQqK7418eaeI8eT7AjYxCOeK9S.jpg', '2021-05-12 11:11:46', '2021-05-12 11:11:46'),
(105, 45, 'https://management.newrainbowmarket.com/img/items/45/sJ9xfGCS3P2cv0mYddPBvwqdxqoaPdZemqM3mlOU.jpg', '2021-05-12 11:11:46', '2021-05-12 11:11:46'),
(106, 45, 'https://management.newrainbowmarket.com/img/items/45/ubgfTZRfRWm4ktsc2RUnklONiP3Bc7saaEeGpJRn.jpg', '2021-05-12 11:11:47', '2021-05-12 11:11:47'),
(107, 45, 'https://management.newrainbowmarket.com/img/items/45/1xmODEEHQxqoFiHfiSnKa87aeUzw9uMu1t3MB4bA.jpg', '2021-05-12 11:11:47', '2021-05-12 11:11:47'),
(108, 44, 'https://management.newrainbowmarket.com/img/items/44/vPi9u8qxcsUJJ13lKdV5fH3UKS3jox9W0zV99WVD.jpg', '2021-05-12 11:18:46', '2021-05-12 11:18:46'),
(109, 44, 'https://management.newrainbowmarket.com/img/items/44/Q0OsDiyAGIqLUDuEnXpAhTMZ3Ilh8LysdNOdqpcb.jpg', '2021-05-12 11:18:46', '2021-05-12 11:18:46'),
(110, 44, 'https://management.newrainbowmarket.com/img/items/44/LLHnNlw1gmvDzhs8lkboYzCG3hdlcus3rtAIDEwh.jpg', '2021-05-12 11:18:47', '2021-05-12 11:18:47'),
(111, 43, 'https://management.newrainbowmarket.com/img/items/43/1e17Jvcduav7Xfz7STck4NkHfWAJ1yUXGS5YVTjK.jpg', '2021-05-12 11:30:55', '2021-05-12 11:30:55'),
(112, 42, 'https://management.newrainbowmarket.com/img/items/42/mTkkE89se3iAIloxDGcdp8Bm6LZYsk5r7LAmC0Kg.jpg', '2021-05-12 11:39:59', '2021-05-12 11:39:59'),
(113, 42, 'https://management.newrainbowmarket.com/img/items/42/LhIkpNOG6IYF45F5BLUSPVNy8x2q99t9P9TPmqHo.jpg', '2021-05-12 11:39:59', '2021-05-12 11:39:59'),
(114, 41, 'https://management.newrainbowmarket.com/img/items/41/J5gO0WFY4rLZGzktaeJamF5Urd1mdi47yeplrU0w.jpg', '2021-05-12 11:46:25', '2021-05-12 11:46:25'),
(115, 26, 'https://management.newrainbowmarket.com/img/items/26/9S95OB4KYzeIj0WNuwnIiu5F1n6Swq47TXD4ocWq.jpg', '2021-05-13 02:46:00', '2021-05-13 02:46:00'),
(116, 25, 'https://management.newrainbowmarket.com/img/items/25/ivKd1RiwZRAqkV5DIvFwOlmrGtqmyfIf2XylCA1p.jpg', '2021-05-13 03:13:27', '2021-05-13 03:13:27'),
(123, 23, 'https://management.newrainbowmarket.com/img/items/23/C6fOxAY3E7oUDEIQ5GL42Opgfuw4G2ZUvtD0OGgU.jpg', '2021-05-13 04:18:17', '2021-05-13 04:18:17'),
(124, 29, 'https://management.newrainbowmarket.com/img/items/29/tmaVH16d86AuW4eWHJK5ci54OW34NwsENCxPWODs.jpg', '2021-05-13 04:22:03', '2021-05-13 04:22:03'),
(119, 22, 'https://management.newrainbowmarket.com/img/items/22/6jXn6MVgVjulK8AiHbDKan5CTBGoHjwARuLTvlfy.jpg', '2021-05-13 04:09:35', '2021-05-13 04:09:35'),
(120, 27, 'https://management.newrainbowmarket.com/img/items/27/kBJ34sAZK0Ja6AX7kZqpg38gMACKB1bADvN9LP6d.jpg', '2021-05-13 04:15:44', '2021-05-13 04:15:44'),
(128, 20, 'https://management.newrainbowmarket.com/img/items/20/mAU60hDbbXwZUMv8HeuYosipqn92hZ9aKv5mMLnA.jpg', '2021-05-13 04:28:25', '2021-05-13 04:28:25'),
(129, 19, 'https://management.newrainbowmarket.com/img/items/19/5P2ZNYoIXBAwOf5hJFOImt45nX2TEekahRit2o7o.jpg', '2021-05-13 04:30:08', '2021-05-13 04:30:08'),
(130, 32, 'https://management.newrainbowmarket.com/img/items/32/KMuxLgIzmclONfHAxXgreG4MuceXlODTezExBnvy.jpg', '2021-05-13 04:30:41', '2021-05-13 04:30:41'),
(132, 18, 'https://management.newrainbowmarket.com/img/items/18/rAofkpBrs5RJvQlVbp1lp87827LXzvbVpJFnvipM.jpg', '2021-05-13 05:59:18', '2021-05-13 05:59:18'),
(133, 17, 'https://management.newrainbowmarket.com/img/items/17/rkTX6wLIhb3ZPrmmqrp8HMitlQ7vYwKG7CuwYBKf.jpg', '2021-05-13 06:07:25', '2021-05-13 06:07:25'),
(134, 17, 'https://management.newrainbowmarket.com/img/items/17/Kbfa9zToejXrY2aQ72Q6esdf0MynqPRTc1NMCBTR.jpg', '2021-05-13 06:07:26', '2021-05-13 06:07:26'),
(135, 17, 'https://management.newrainbowmarket.com/img/items/17/ZunLY59pUhMqeKMxJ9Zaia6QFk81jOHmk1DOBnkw.jpg', '2021-05-13 06:07:26', '2021-05-13 06:07:26'),
(140, 51, 'https://management.newrainbowmarket.com/img/items/51/C5XKQUKc3mvynUJivELbeaRf5gcvV90Seoz4YWAI.jpg', '2021-05-13 07:39:59', '2021-05-13 07:39:59'),
(141, 16, 'https://management.newrainbowmarket.com/img/items/16/CH159Istglp0bsEljoB4rRDT8anjWL7TabRea7qx.jpg', '2021-05-13 07:52:47', '2021-05-13 07:52:47'),
(142, 16, 'https://management.newrainbowmarket.com/img/items/16/6FQm7PDmwklaMDcx8GW6g3Ju88zfavUqbhLaCbQv.jpg', '2021-05-13 07:52:48', '2021-05-13 07:52:48'),
(143, 16, 'https://management.newrainbowmarket.com/img/items/16/q6xZJrGrDTOdGL0UoCOIG75Tf39xSbi7TINICSio.jpg', '2021-05-13 07:52:48', '2021-05-13 07:52:48'),
(144, 16, 'https://management.newrainbowmarket.com/img/items/16/iTDHpAEkjg5UGWvZ8x8WTQq5IqLJbR4PaPhptjBW.jpg', '2021-05-13 07:52:48', '2021-05-13 07:52:48'),
(145, 16, 'https://management.newrainbowmarket.com/img/items/16/P1zfhqVrZyOdWuA66MnGtiqmAzoAUMctzdaktIc9.jpg', '2021-05-13 07:52:48', '2021-05-13 07:52:48'),
(146, 15, 'https://management.newrainbowmarket.com/img/items/15/qARzc1cDuiUkh3ydmb3ksJ4pWRWLJe7glnLFvwxh.jpg', '2021-05-13 08:00:16', '2021-05-13 08:00:16'),
(147, 15, 'https://management.newrainbowmarket.com/img/items/15/zn0Bsr2AqJgwQRHwoR5S7npakwSHb2MTCaVnzgCM.jpg', '2021-05-13 08:00:17', '2021-05-13 08:00:17'),
(148, 15, 'https://management.newrainbowmarket.com/img/items/15/crp34XV9Rflum90ZWNCWSvHzYO4Jrr82EOT3D4RI.jpg', '2021-05-13 08:00:19', '2021-05-13 08:00:19'),
(149, 14, 'https://management.newrainbowmarket.com/img/items/14/Z4tZYIwkc4XFEUngkwf1LCORCE9zIAdX9ygqsGm7.jpg', '2021-05-13 08:06:17', '2021-05-13 08:06:17'),
(150, 14, 'https://management.newrainbowmarket.com/img/items/14/cNlTv0Vp2wapOhSMezo8E5ot0U6brcJeK9VBy1T6.jpg', '2021-05-13 08:06:17', '2021-05-13 08:06:17'),
(151, 14, 'https://management.newrainbowmarket.com/img/items/14/5CKVOfelMz1v9i8KtcCHoFeD4ZvJKj8DkBeWHeJU.jpg', '2021-05-13 08:06:18', '2021-05-13 08:06:18'),
(152, 13, 'https://management.newrainbowmarket.com/img/items/13/0jhkWeA5yw7EhpSfWAEmfuWFHcRXI6f6D9VMo8s8.jpg', '2021-05-13 08:17:28', '2021-05-13 08:17:28'),
(153, 13, 'https://management.newrainbowmarket.com/img/items/13/VVgxQVAwqXsWOKUYqRgVbv8r1Iz1CLx7KJpR80c1.jpg', '2021-05-13 08:17:28', '2021-05-13 08:17:28'),
(154, 13, 'https://management.newrainbowmarket.com/img/items/13/ZBm4kQIlAvBAB7PgwH9ZgJBtPnq5rVWogDoMI3M3.jpg', '2021-05-13 08:17:29', '2021-05-13 08:17:29'),
(155, 13, 'https://management.newrainbowmarket.com/img/items/13/dI9X04ZLsKOVjSXPhGzJS24uB7QY2bE5ULezhSNw.jpg', '2021-05-13 08:17:29', '2021-05-13 08:17:29'),
(156, 13, 'https://management.newrainbowmarket.com/img/items/13/ZN0EcLbmxq6QmVEXal6IG1iAnh3Sxur4gIki4vds.jpg', '2021-05-13 08:17:29', '2021-05-13 08:17:29'),
(157, 12, 'https://management.newrainbowmarket.com/img/items/12/1D4ScYDEQYpoH4KcHeZUHFT22SmQUBFhZ5dHw5es.jpg', '2021-05-13 08:31:37', '2021-05-13 08:31:37'),
(158, 12, 'https://management.newrainbowmarket.com/img/items/12/aVi90q2dIqMStvNbjRMMvf8woSsB12xu8Qh1SI55.jpg', '2021-05-13 08:31:37', '2021-05-13 08:31:37'),
(159, 12, 'https://management.newrainbowmarket.com/img/items/12/v4Q2KwsiZdjXSqq6egyM1R0AO0OoOva33rwcYrCV.jpg', '2021-05-13 08:31:38', '2021-05-13 08:31:38'),
(160, 12, 'https://management.newrainbowmarket.com/img/items/12/bSzBgW9adqOMIWzcJxaqZE4sXpQIbFCP9KnDNncl.jpg', '2021-05-13 08:31:38', '2021-05-13 08:31:38'),
(161, 12, 'https://management.newrainbowmarket.com/img/items/12/aVEHEf44tBA9VCVqBfMQvmgM8U7JFNKrZmjgYvJI.jpg', '2021-05-13 08:31:39', '2021-05-13 08:31:39'),
(162, 11, 'https://management.newrainbowmarket.com/img/items/11/COLcDG3TFsoXRVUSe1dliqjyU8eoWcpDrTZ7N3F1.jpg', '2021-05-13 08:41:12', '2021-05-13 08:41:12'),
(163, 11, 'https://management.newrainbowmarket.com/img/items/11/IlvKPSZXUkPOM4gm1NqFycKTJ8tPp1YlCP4fhDVn.jpg', '2021-05-13 08:41:12', '2021-05-13 08:41:12'),
(164, 11, 'https://management.newrainbowmarket.com/img/items/11/ePxeElSok85YrVgeeFQLRBnpShgePEufvvXVNAJn.jpg', '2021-05-13 08:41:13', '2021-05-13 08:41:13'),
(165, 11, 'https://management.newrainbowmarket.com/img/items/11/vgaakkmvBKi4NKoQsdxF8dl9bmXPVupHOJcIPhtR.jpg', '2021-05-13 08:41:13', '2021-05-13 08:41:13'),
(166, 11, 'https://management.newrainbowmarket.com/img/items/11/hFZ3z3YGmSNBci74nWOD95fQ2gNBdsCRaPW0oYj2.jpg', '2021-05-13 08:41:13', '2021-05-13 08:41:13'),
(167, 10, 'https://management.newrainbowmarket.com/img/items/10/HT3syzveH6IoNFMERWXqM6nPNWbzMJCziVGRdbc7.jpg', '2021-05-13 09:08:34', '2021-05-13 09:08:34'),
(168, 10, 'https://management.newrainbowmarket.com/img/items/10/VsVD4ruAgWGXLnn5Xc4SfbzsgL8FoAgyox5zaO0H.jpg', '2021-05-13 09:08:34', '2021-05-13 09:08:34'),
(169, 9, 'https://management.newrainbowmarket.com/img/items/9/9DDcsssnyYCJ8ECTksem4vSjK3Mk0KpTS26fwlbE.jpg', '2021-05-13 09:21:16', '2021-05-13 09:21:16'),
(170, 9, 'https://management.newrainbowmarket.com/img/items/9/6THGuIPt44x0RPmsb3mXesKdfCTanmu9tUg17PKw.jpg', '2021-05-13 09:21:17', '2021-05-13 09:21:17'),
(171, 9, 'https://management.newrainbowmarket.com/img/items/9/iBUSJHfLmmPEWe4JwqXIRYUtCpxJIcGgq6RA46Wm.jpg', '2021-05-13 09:21:17', '2021-05-13 09:21:17'),
(172, 9, 'https://management.newrainbowmarket.com/img/items/9/wM4sTMPIz0jWYxgaSF192lFmqWGMWJUp1o4bF3vy.jpg', '2021-05-13 09:21:18', '2021-05-13 09:21:18'),
(173, 9, 'https://management.newrainbowmarket.com/img/items/9/jS4mw3HBSXPxEAHydJntrVfkyA774nk5HDmbtDDu.jpg', '2021-05-13 09:21:18', '2021-05-13 09:21:18'),
(174, 9, 'https://management.newrainbowmarket.com/img/items/9/buQHnkFage3FfWFuPojded4GRDMiuWlHf90mWCHB.jpg', '2021-05-13 09:21:19', '2021-05-13 09:21:19'),
(175, 9, 'https://management.newrainbowmarket.com/img/items/9/zJ9jlGgZlK99h8Ohea5AhBYJU9NcjyqnK3s22X9m.jpg', '2021-05-13 09:21:19', '2021-05-13 09:21:19'),
(176, 7, 'https://management.newrainbowmarket.com/img/items/7/8aFIVJgvYJcC3uhj5xaNvd3lyAM4kDOvf5Za0O8Z.jpg', '2021-05-13 09:40:56', '2021-05-13 09:40:56'),
(177, 7, 'https://management.newrainbowmarket.com/img/items/7/Tx8AZmAHkSA8H1TsZbpuJL2Rjk5mkVcrC6R9UT5F.jpg', '2021-05-13 09:40:57', '2021-05-13 09:40:57'),
(178, 8, 'https://management.newrainbowmarket.com/img/items/8/qGi78ZmF3eQvELZeF5WAKXOrhkAiAXcubUIszazF.jpg', '2021-05-13 10:15:23', '2021-05-13 10:15:23'),
(179, 6, 'https://management.newrainbowmarket.com/img/items/6/mvag6Ckj8sMHVkG2Cm1F8zrYprkM4UX0VVUPiZ99.jpg', '2021-05-13 10:26:28', '2021-05-13 10:26:28'),
(180, 6, 'https://management.newrainbowmarket.com/img/items/6/FO2RsAK4SX29R3keX9CXMM0PxWa0CzCtN5oRzSBN.jpg', '2021-05-13 10:26:28', '2021-05-13 10:26:28'),
(181, 6, 'https://management.newrainbowmarket.com/img/items/6/skdEHQ9rrcwUhFJsYcS2NK2xy2Zo5Fmy5rzXNHZs.jpg', '2021-05-13 10:26:29', '2021-05-13 10:26:29'),
(182, 6, 'https://management.newrainbowmarket.com/img/items/6/MjCMNYw2LFtP5Y3EffkLYM5GQRIJEI0LIC6XC2p4.jpg', '2021-05-13 10:26:29', '2021-05-13 10:26:29'),
(183, 6, 'https://management.newrainbowmarket.com/img/items/6/MUyRG9vSALDdAZbOgPyva4H8qW3D17ea7E60rWyJ.jpg', '2021-05-13 10:26:29', '2021-05-13 10:26:29'),
(184, 6, 'https://management.newrainbowmarket.com/img/items/6/M5uGY7nveAU2tTHymG9gSgstXkajA2DVLaOfTt6J.jpg', '2021-05-13 10:26:30', '2021-05-13 10:26:30'),
(185, 5, 'https://management.newrainbowmarket.com/img/items/5/ZbM2zNo4uSZIXXYybHIF4VvIl0wMZ8wpwQwU85tn.jpg', '2021-05-13 10:36:42', '2021-05-13 10:36:42'),
(186, 5, 'https://management.newrainbowmarket.com/img/items/5/hmRuHIMMR0lWflu3oHydOeP05ti8tdNPDTs3JV0d.jpg', '2021-05-13 10:36:42', '2021-05-13 10:36:42'),
(187, 5, 'https://management.newrainbowmarket.com/img/items/5/lOLvV8sEkembjombV59zjiV8VaYxtYIbcPYejL0p.jpg', '2021-05-13 10:36:42', '2021-05-13 10:36:42'),
(188, 4, 'https://management.newrainbowmarket.com/img/items/4/CXzvPtye181Z4RHH4vfY8yYWr82fGYUV8q2m29XU.jpg', '2021-05-13 10:40:01', '2021-05-13 10:40:01'),
(189, 4, 'https://management.newrainbowmarket.com/img/items/4/ZtMkv1IISeEnf3jBCwB8O7Phkwox0QGGZf15VKJj.jpg', '2021-05-13 10:40:02', '2021-05-13 10:40:02'),
(190, 3, 'https://management.newrainbowmarket.com/img/items/3/mZ1EKgAcqUgWXkkCO1RjKDcvG6vsnoGo7PVxMNUI.jpg', '2021-05-13 10:52:40', '2021-05-13 10:52:40'),
(191, 3, 'https://management.newrainbowmarket.com/img/items/3/BuFTwskKt5m4m2uRdAt8DZBp2m2BCH0LCSYADFuc.jpg', '2021-05-13 10:52:41', '2021-05-13 10:52:41'),
(192, 40, 'https://management.newrainbowmarket.com/img/items/40/60ujQTZBDaSRbysOxU5FeRhlKXAbA4Z1mRyvwkAk.jpg', '2021-05-13 11:37:02', '2021-05-13 11:37:02'),
(193, 50, 'https://management.newrainbowmarket.com/img/items/50/XKMqkudPvpLApNvzTUbQLeIR2cn5cqtpWuuRWDL3.jpg', '2021-05-13 11:57:11', '2021-05-13 11:57:11'),
(200, 80, 'https://management.newrainbowmarket.com/img/items/80/JydeKKl8xldDaR8whGc0AdAk41Kx196OeJWqPJxh.jpg', '2021-05-13 12:56:56', '2021-05-13 12:56:56'),
(195, 79, 'https://management.newrainbowmarket.com/img/items/79/t9HRGNXaOSEgBTRgspzHMD0eaRujQ5IiAOqp7l9A.jpg', '2021-05-13 12:15:01', '2021-05-13 12:15:01'),
(196, 79, 'https://management.newrainbowmarket.com/img/items/79/Za8H5rnY8c3MGpD896o2cCAwfBK62PTNSrcPtvHI.jpg', '2021-05-13 12:15:01', '2021-05-13 12:15:01'),
(199, 80, 'https://management.newrainbowmarket.com/img/items/80/nV7dou1xDcq2VctzpveFKrQ9qeBTtDVO6fPSSiyJ.jpg', '2021-05-13 12:56:56', '2021-05-13 12:56:56'),
(198, 78, 'https://management.newrainbowmarket.com/img/items/78/UooioGWjxFBPDJXi2wKLl08EKXofiviGOjc0UbrV.jpg', '2021-05-13 12:18:35', '2021-05-13 12:18:35'),
(201, 81, 'https://management.newrainbowmarket.com/img/items/81/bWW3iBoWwxApTFmqFukWaIInPwGW56duZsugNl3v.jpg', '2021-05-13 13:23:57', '2021-05-13 13:23:57'),
(202, 82, 'https://management.newrainbowmarket.com/img/items/82/NnrNyvRoKBOwqqVZhx2ceLuZZmXqVqYzQX3RxpsA.jpg', '2021-05-13 13:43:40', '2021-05-13 13:43:40'),
(203, 82, 'https://management.newrainbowmarket.com/img/items/82/7WluDAdd00avpqPeEBJqSpksVkg25B6BwOB4zqPT.jpg', '2021-05-13 13:44:27', '2021-05-13 13:44:27'),
(204, 82, 'https://management.newrainbowmarket.com/img/items/82/q8ldX78PWB4QaMOCBtIBffKxxmtzhKVbsZZU11TY.jpg', '2021-05-13 13:44:27', '2021-05-13 13:44:27'),
(205, 83, 'https://management.newrainbowmarket.com/img/items/83/Vs99oOXG6ahh2zE1DSWBBFpP5XUPGCpR4QVKmCaV.jpg', '2021-05-13 14:00:51', '2021-05-13 14:00:51'),
(206, 83, 'https://management.newrainbowmarket.com/img/items/83/Q2t6ipFq5Tz6uWkS58pxsNgLxbvNoGKKbge6efl9.jpg', '2021-05-13 14:00:52', '2021-05-13 14:00:52'),
(207, 83, 'https://management.newrainbowmarket.com/img/items/83/qSam6aGCzwmJLmAfu2FfhhbyJdXuwnKe56fQp8L7.jpg', '2021-05-13 14:00:52', '2021-05-13 14:00:52'),
(208, 83, 'https://management.newrainbowmarket.com/img/items/83/RQW5ABp9VO3lVxAiTQoirhY2cNp0GkHpftqyC9oA.jpg', '2021-05-13 14:00:52', '2021-05-13 14:00:52'),
(209, 83, 'https://management.newrainbowmarket.com/img/items/83/5sxYd6MbclpGyTZEYZe47BKcYNStsviFquUc8OT3.jpg', '2021-05-13 14:00:52', '2021-05-13 14:00:52'),
(210, 84, 'https://management.newrainbowmarket.com/img/items/84/Uv5IaQXBa0BGOfQTfrf4ZWxFAk6msTdWwrmV0qQq.jpg', '2021-05-13 21:18:20', '2021-05-13 21:18:20'),
(211, 84, 'https://management.newrainbowmarket.com/img/items/84/Ewm8txAmuNcEZ7habluM7DoMt0gubRysNet6L2xv.jpg', '2021-05-13 21:18:20', '2021-05-13 21:18:20'),
(212, 84, 'https://management.newrainbowmarket.com/img/items/84/QvNmxMFokRpln5rLDmsqEHjhDUQ9G2dJfMB81EUq.jpg', '2021-05-13 21:18:20', '2021-05-13 21:18:20'),
(213, 85, 'https://management.newrainbowmarket.com/img/items/85/Vh5GoERiBzXOb2aos8KtZYJy6DfGUiR8DFluDpDe.jpg', '2021-05-13 21:28:34', '2021-05-13 21:28:34'),
(214, 85, 'https://management.newrainbowmarket.com/img/items/85/z5z8DAB64OZADSEo8xwRpwXbloHnWTUs9uT9qAiN.jpg', '2021-05-13 21:28:35', '2021-05-13 21:28:35'),
(215, 85, 'https://management.newrainbowmarket.com/img/items/85/l3QV4Me9jSj2FsnJx6xsCKcIH13SQB0LkySbcYUG.jpg', '2021-05-13 21:28:35', '2021-05-13 21:28:35'),
(216, 86, 'https://management.newrainbowmarket.com/img/items/86/p0iVfbL1bwH5S2MtkZNhEKkm8vSpVl6OYScL8nJP.jpg', '2021-05-13 22:00:06', '2021-05-13 22:00:06'),
(217, 87, 'https://management.newrainbowmarket.com/img/items/87/jJgQovYxR04Sber8wuBGHNyOd0eXf2qHTfOSswDg.jpg', '2021-05-13 22:08:41', '2021-05-13 22:08:41'),
(218, 87, 'https://management.newrainbowmarket.com/img/items/87/HhiJG27F74GXrnEOTDOFZwxakj2aVJPW8N6XOTH5.jpg', '2021-05-13 22:08:41', '2021-05-13 22:08:41'),
(219, 87, 'https://management.newrainbowmarket.com/img/items/87/j0yiwx7b2voLyypgl0A8ZoKXPTu4AEWF6PJ6BfF4.jpg', '2021-05-13 22:08:41', '2021-05-13 22:08:41'),
(220, 88, 'https://management.newrainbowmarket.com/img/items/88/6d5P4Sn33bSuQokNMxVYGxkngq2OZuZqfergEWqJ.jpg', '2021-05-13 22:51:04', '2021-05-13 22:51:04'),
(221, 88, 'https://management.newrainbowmarket.com/img/items/88/wVeA8cFcRLklLIwZUiu8GQ9oAZSUjPgHuszRUwM7.jpg', '2021-05-13 22:51:04', '2021-05-13 22:51:04'),
(222, 89, 'https://management.newrainbowmarket.com/img/items/89/7cK4CaCqOEqkDlTNyD9zvXNjW69MdzXca4RkXW2u.jpg', '2021-05-13 22:55:54', '2021-05-13 22:55:54'),
(223, 89, 'https://management.newrainbowmarket.com/img/items/89/7XDEgGAkYFIr7JEVYrjTTUVu40CrEyf2oXONh8kx.jpg', '2021-05-13 22:55:54', '2021-05-13 22:55:54'),
(224, 90, 'https://management.newrainbowmarket.com/img/items/90/aIlKT4kEPY3iXGYfZpkF2dlMmClELXHqL9VRfmg7.jpg', '2021-05-13 23:11:31', '2021-05-13 23:11:31'),
(225, 90, 'https://management.newrainbowmarket.com/img/items/90/2EZL2Rvs5rUMCS1UC9d59XHwZ07S0bbi6YgvqG64.jpg', '2021-05-13 23:11:31', '2021-05-13 23:11:31'),
(226, 91, 'https://management.newrainbowmarket.com/img/items/91/fuP7oyPTQRIZAYvK6HeO2Id7P5l61U5LSNEmaui7.jpg', '2021-05-14 01:22:14', '2021-05-14 01:22:14'),
(227, 92, 'https://management.newrainbowmarket.com/img/items/92/0iJw4p2EXGz2VQzlFuGVOj4t7j21yaYnClT9xF4l.jpg', '2021-05-14 01:24:56', '2021-05-14 01:24:56'),
(228, 93, 'https://management.newrainbowmarket.com/img/items/93/19IGCURM2CyWQxL23XYDO7OfDNii2xsUfl2vlImE.jpg', '2021-05-14 07:52:05', '2021-05-14 07:52:05'),
(229, 93, 'https://management.newrainbowmarket.com/img/items/93/Zas1Fv1wawchueumYrNhVUdakxOs4kWfIDmhFXL0.jpg', '2021-05-14 07:52:05', '2021-05-14 07:52:05'),
(230, 93, 'https://management.newrainbowmarket.com/img/items/93/m6DL3DtUFZGLyOP0ZrOyjcRA7uWIsGEZ74kBD0sP.jpg', '2021-05-14 07:52:06', '2021-05-14 07:52:06'),
(231, 93, 'https://management.newrainbowmarket.com/img/items/93/cMCzJWFHpdvRUhrJMQ505rjBSq7Tgkju2jQRdSwl.jpg', '2021-05-14 07:52:06', '2021-05-14 07:52:06'),
(232, 93, 'https://management.newrainbowmarket.com/img/items/93/cXWAhUtIMRVBqkMduoVc2CYLmb1kbO814VUrgOAT.jpg', '2021-05-14 07:52:06', '2021-05-14 07:52:06'),
(233, 93, 'https://management.newrainbowmarket.com/img/items/93/3ihAUYIRRUTPyQe5hSQQ4aGCPcqRICfHiSxMJPB0.jpg', '2021-05-14 07:52:07', '2021-05-14 07:52:07'),
(234, 93, 'https://management.newrainbowmarket.com/img/items/93/blq2Gv1HbCAbNg6BQ0BTXfiQJmm4T5g4wueX9m5c.jpg', '2021-05-14 07:52:07', '2021-05-14 07:52:07'),
(235, 94, 'https://management.newrainbowmarket.com/img/items/94/lqbn1ROQbjhJyTRCgn5SADb3bLBMHvduUGwZEfzo.jpg', '2021-05-14 09:16:56', '2021-05-14 09:16:56'),
(236, 94, 'https://management.newrainbowmarket.com/img/items/94/tdXJQx6iKu2Xx5ubLBe5ZMzxUof2TuVEBJXw2kHL.jpg', '2021-05-14 09:16:56', '2021-05-14 09:16:56'),
(237, 94, 'https://management.newrainbowmarket.com/img/items/94/YKJxFgTmyxot11XgndCBzI8WiOb2anne6rrppQUD.jpg', '2021-05-14 09:16:57', '2021-05-14 09:16:57'),
(238, 94, 'https://management.newrainbowmarket.com/img/items/94/DnlZE1kG2kQG7HF4zDlIQfzmPtUbpdHyLasgUKd6.jpg', '2021-05-14 09:16:57', '2021-05-14 09:16:57'),
(241, 95, 'https://management.newrainbowmarket.com/img/items/95/L1XqSCq4yvFEROAvjVduvSlPgi9WhHWI4JVbgEY2.jpg', '2021-05-14 09:56:16', '2021-05-14 09:56:16'),
(240, 94, 'https://management.newrainbowmarket.com/img/items/94/OsfPd7sBYpzLSWgU8iiiAiZVDmMRZo5Rem1s96rD.jpg', '2021-05-14 09:18:03', '2021-05-14 09:18:03'),
(242, 95, 'https://management.newrainbowmarket.com/img/items/95/OpwPFIZUv2ixLq75YDqiYKrUldnnrajWGiJ2SYu8.jpg', '2021-05-14 09:56:16', '2021-05-14 09:56:16'),
(243, 95, 'https://management.newrainbowmarket.com/img/items/95/T43Zr4h0GplUOAPWTUlrjbau6XFV6sUTMEHRJzFz.jpg', '2021-05-14 09:56:16', '2021-05-14 09:56:16'),
(244, 95, 'https://management.newrainbowmarket.com/img/items/95/7BthTnBR9h47i8aTonPEKjKzWuUuvEZP1Nkge8Yo.jpg', '2021-05-14 09:56:17', '2021-05-14 09:56:17'),
(245, 96, 'https://management.newrainbowmarket.com/img/items/96/EKKFgkgYK75Qr4u4KITkAbW5t6cMrX1VYGwluLKU.jpg', '2021-05-14 10:03:35', '2021-05-14 10:03:35'),
(246, 96, 'https://management.newrainbowmarket.com/img/items/96/QrqtfspHUgGrqNLCf0YdA9S06X6koTmTboHDsTtj.jpg', '2021-05-14 10:03:35', '2021-05-14 10:03:35'),
(247, 96, 'https://management.newrainbowmarket.com/img/items/96/N4UDtseLZ5Psfh2pn2P8S3riHQjzXn3V2coKe2YS.jpg', '2021-05-14 10:03:36', '2021-05-14 10:03:36'),
(248, 96, 'https://management.newrainbowmarket.com/img/items/96/6ATSAbABgAuuEKnABAJEG7SHGkCyCUVnd6MglkLf.jpg', '2021-05-14 10:03:36', '2021-05-14 10:03:36'),
(249, 97, 'https://management.newrainbowmarket.com/img/items/97/f53YT5IcUKgI6tfPOrrAaKtqZGcR8TnGUIzxRr7X.jpg', '2021-05-14 10:26:21', '2021-05-14 10:26:21'),
(250, 97, 'https://management.newrainbowmarket.com/img/items/97/iWg7oHjfpJxg9Xvsst076o2kPlQuYCygARgVqLyB.jpg', '2021-05-14 10:26:21', '2021-05-14 10:26:21'),
(251, 97, 'https://management.newrainbowmarket.com/img/items/97/wG3MbXFILVqj0BFRuYy1G6e4rEtEB3mj9Zff6ceO.jpg', '2021-05-14 10:26:22', '2021-05-14 10:26:22'),
(252, 97, 'https://management.newrainbowmarket.com/img/items/97/ixVS1Dk6L4cDOZh7fINPruxP0SB2LAERlsYewvCh.jpg', '2021-05-14 10:26:22', '2021-05-14 10:26:22'),
(253, 98, 'https://management.newrainbowmarket.com/img/items/98/fz04O9v3ZWxTbvPBxfPSy8KMBwGq6gbHByqpZBYF.jpg', '2021-05-14 10:57:49', '2021-05-14 10:57:49'),
(254, 98, 'https://management.newrainbowmarket.com/img/items/98/V0jvtiR1WMAZQcNh8ZpjY4RmNx6ijCCenJ29Sotk.jpg', '2021-05-14 10:57:49', '2021-05-14 10:57:49'),
(255, 98, 'https://management.newrainbowmarket.com/img/items/98/WDYpoMo4gpx6Dom25kA3C0EmXbiVhU1d30Q6w3yu.jpg', '2021-05-14 10:57:50', '2021-05-14 10:57:50'),
(256, 99, 'https://management.newrainbowmarket.com/img/items/99/ydRr8VQvXUlAjasvQOot13radOY56WgnGxc2QQgK.jpg', '2021-05-14 11:16:13', '2021-05-14 11:16:13'),
(257, 99, 'https://management.newrainbowmarket.com/img/items/99/ZzkHfmPOkej3YjIOhkp9cCPePKkdfirFL8jSquUN.jpg', '2021-05-14 11:16:39', '2021-05-14 11:16:39'),
(258, 99, 'https://management.newrainbowmarket.com/img/items/99/78WTveqZ5aEzs2XilsbjHxrbixOkDpQiTfuv36Gy.jpg', '2021-05-14 11:16:39', '2021-05-14 11:16:39'),
(259, 100, 'https://management.newrainbowmarket.com/img/items/100/qbzzuaWl0FHC6nPVAwK9yCMA95N3LjqXtPbv7Cro.jpg', '2021-05-14 11:31:40', '2021-05-14 11:31:40'),
(260, 100, 'https://management.newrainbowmarket.com/img/items/100/Vx8MAxmmCP7vW2ZoFn36PyNa5C3HK3gPp7J6ShT3.jpg', '2021-05-14 11:32:03', '2021-05-14 11:32:03'),
(261, 100, 'https://management.newrainbowmarket.com/img/items/100/U3RvL0BguPjjFyN5i1An7UbSFJP1qQ5rbv5WCNO1.jpg', '2021-05-14 11:32:03', '2021-05-14 11:32:03'),
(262, 101, 'https://management.newrainbowmarket.com/img/items/101/m2NGF5zxTgOLMnxvRERihQwd6KXbZKS2AqmIIX9o.jpg', '2021-05-14 11:47:54', '2021-05-14 11:47:54'),
(263, 103, 'https://management.newrainbowmarket.com/img/items/103/PDcW0C6BvXGWyQIG2Ejeb9a902KpvSzK1JQIVTss.jpg', '2021-05-14 21:09:38', '2021-05-14 21:09:38'),
(264, 103, 'https://management.newrainbowmarket.com/img/items/103/xJbNohLt8g3Ry8OrdFiByjUg4sYTDP8ywFlBRKi3.jpg', '2021-05-14 21:09:39', '2021-05-14 21:09:39'),
(265, 103, 'https://management.newrainbowmarket.com/img/items/103/bH6al9TUtS0BF7l9Pf3Qe2OffgkfW7GRPL6k5v3U.jpg', '2021-05-14 21:09:39', '2021-05-14 21:09:39'),
(266, 103, 'https://management.newrainbowmarket.com/img/items/103/WgkhHhp7khSi5BTPci0L2xWqTqGy7x3pDFW1AlYe.jpg', '2021-05-14 21:09:39', '2021-05-14 21:09:39'),
(267, 104, 'https://management.newrainbowmarket.com/img/items/104/cVu2KQSqA26HhjsNdlGaqJneZkbH1w1NxhajsEm6.jpg', '2021-05-15 05:15:12', '2021-05-15 05:15:12'),
(268, 104, 'https://management.newrainbowmarket.com/img/items/104/Xpn2Ii6zJAbSakGw8ofeuj2kKvE1wbkZyOuLojRK.jpg', '2021-05-15 05:15:12', '2021-05-15 05:15:12'),
(269, 104, 'https://management.newrainbowmarket.com/img/items/104/AsFjvc0DKZdtKfKO1VtOmH6ChnMqYSxkuXaakGbf.jpg', '2021-05-15 05:15:12', '2021-05-15 05:15:12'),
(270, 105, 'https://management.newrainbowmarket.com/img/items/105/5M6vTr83ZD3F6hypVKwp3kmCcTzlzmGbBwhkItd5.jpg', '2021-05-15 09:36:09', '2021-05-15 09:36:09'),
(271, 105, 'https://management.newrainbowmarket.com/img/items/105/UT0i0rqLdYcQUeVMIe0m8MFQtmyXgCqDNY8iN67N.jpg', '2021-05-15 09:36:09', '2021-05-15 09:36:09'),
(272, 106, 'https://management.newrainbowmarket.com/img/items/106/AydiCh28uuziSyun4O4hWWsAtSJgKIuKSs9x5Iac.jpg', '2021-05-15 09:44:01', '2021-05-15 09:44:01'),
(273, 106, 'https://management.newrainbowmarket.com/img/items/106/3hexIlQk73MlRo1P9EVR8dwZH4MqVRSI0NCOvu4l.jpg', '2021-05-15 09:44:01', '2021-05-15 09:44:01'),
(274, 107, 'https://management.newrainbowmarket.com/img/items/107/HZqCvmvf1XENYZxShWlXVu2Sh0IaDToES4eubwuV.jpg', '2021-05-15 09:51:51', '2021-05-15 09:51:51'),
(275, 107, 'https://management.newrainbowmarket.com/img/items/107/o3OCALsm5EUsFaEaZ751PuMzkjflWuYIb6k3QHc8.jpg', '2021-05-15 09:51:51', '2021-05-15 09:51:51'),
(276, 108, 'https://management.newrainbowmarket.com/img/items/108/UgHDwCc6lQLyi2Cc7kHwYw3eXZW6FKsPqWcCiBpe.jpg', '2021-05-15 09:57:45', '2021-05-15 09:57:45'),
(277, 108, 'https://management.newrainbowmarket.com/img/items/108/IsKFoGrKq9eIRPzUWVMa5eETN0hohJPqoPefXsJC.jpg', '2021-05-15 09:57:45', '2021-05-15 09:57:45'),
(278, 109, 'https://management.newrainbowmarket.com/img/items/109/HesTkWL7b3panWNAcL9lADmI7rHGydPeByArBVDX.jpg', '2021-05-15 10:03:01', '2021-05-15 10:03:01'),
(279, 109, 'https://management.newrainbowmarket.com/img/items/109/byCyA8XMOtpbSz6hwFdIzm0fPa0CfIThUAObG1nc.jpg', '2021-05-15 10:03:01', '2021-05-15 10:03:01'),
(280, 110, 'https://management.newrainbowmarket.com/img/items/110/9YQScO1XPFK4hpY18Ns4OeTCRfQKOSn4EkCvlwU2.jpg', '2021-05-15 10:14:10', '2021-05-15 10:14:10'),
(281, 110, 'https://management.newrainbowmarket.com/img/items/110/8ffrUXguCiICjQPLaEmO1qy9PWAMEsjr08ZLuAz9.jpg', '2021-05-15 10:14:10', '2021-05-15 10:14:10'),
(282, 111, 'https://management.newrainbowmarket.com/img/items/111/A0DRTElRaiAbJuMsksjJ5J9XDsmKkbR4zWNe7HFV.jpg', '2021-05-15 10:29:33', '2021-05-15 10:29:33'),
(283, 111, 'https://management.newrainbowmarket.com/img/items/111/BleDMGQzSWqhbpVQA5aaRdo00VIpCT8hXVG67P5s.jpg', '2021-05-15 10:29:33', '2021-05-15 10:29:33'),
(284, 112, 'https://management.newrainbowmarket.com/img/items/112/y7xAt9Tfoh4YGvOWPoAQHdDTDuLRVcYa5aALrsug.jpg', '2021-05-15 10:49:41', '2021-05-15 10:49:41'),
(285, 112, 'https://management.newrainbowmarket.com/img/items/112/ih69JI8R4CSgY1aVVp0lp4ZpyoYryxACdnDFytQD.jpg', '2021-05-15 10:50:56', '2021-05-15 10:50:56'),
(286, 113, 'https://management.newrainbowmarket.com/img/items/113/C23qh4UKZUWNxARxYVo5pCvggiESw728gzcQK0hF.jpg', '2021-05-15 10:57:27', '2021-05-15 10:57:27'),
(287, 114, 'https://management.newrainbowmarket.com/img/items/114/YaiAMa06m5UzZvJiMYrtjGpFce2xeQTO36fdG3zN.jpg', '2021-05-15 11:12:47', '2021-05-15 11:12:47'),
(288, 114, 'https://management.newrainbowmarket.com/img/items/114/ENpUZRNZoBAxLQNvEWns8OfsdtgHDGh5LEk0iguL.jpg', '2021-05-15 11:12:47', '2021-05-15 11:12:47'),
(289, 114, 'https://management.newrainbowmarket.com/img/items/114/IFUIEQlM6zqk2jzrRSbdPWuyhewZZaFoksHmcBsN.jpg', '2021-05-15 11:12:47', '2021-05-15 11:12:47'),
(290, 115, 'https://management.newrainbowmarket.com/img/items/115/hwe4KNzP9uo2zJt7N4DTrVdnubqSypJJefdmt6gJ.jpg', '2021-05-15 12:42:38', '2021-05-15 12:42:38'),
(291, 115, 'https://management.newrainbowmarket.com/img/items/115/wTzDPJRvcK16xzDpS81m7FOondsuIuDSindj4XBL.jpg', '2021-05-15 12:42:38', '2021-05-15 12:42:38'),
(292, 115, 'https://management.newrainbowmarket.com/img/items/115/Nn5YWG7jm4kgSO0RmNwJuHl0UXuCzsZSK1fxJ1F7.jpg', '2021-05-15 12:42:38', '2021-05-15 12:42:38'),
(293, 115, 'https://management.newrainbowmarket.com/img/items/115/ykANQuN7aC4u0Zy5PTbb0SOIFbU25vHl6LyIPK3R.jpg', '2021-05-15 12:42:39', '2021-05-15 12:42:39'),
(294, 116, 'https://management.newrainbowmarket.com/img/items/116/OjLeWvLMDXMDr3hHcaD13RxQ2v9BcyToSF0TpciT.jpg', '2021-05-15 12:56:08', '2021-05-15 12:56:08'),
(295, 116, 'https://management.newrainbowmarket.com/img/items/116/MUDiwgWYwhhHLQ0H9CXBzPp2eU0QCKteT80h63dI.jpg', '2021-05-15 12:56:08', '2021-05-15 12:56:08'),
(296, 116, 'https://management.newrainbowmarket.com/img/items/116/1aGfPcf0BD9cocGTHq5sWvBUDyDhUTr5U3XTeUnD.jpg', '2021-05-15 12:56:09', '2021-05-15 12:56:09'),
(297, 116, 'https://management.newrainbowmarket.com/img/items/116/yl5GS3Ra5EfQyqXAQP0vG1tnA1ZBkVA8F8rjbfgl.jpg', '2021-05-15 12:56:09', '2021-05-15 12:56:09'),
(298, 116, 'https://management.newrainbowmarket.com/img/items/116/zZRX7SAEO4xVWWZ83p79m3O5GO7x9y25wLIp6jOF.jpg', '2021-05-15 12:56:09', '2021-05-15 12:56:09'),
(299, 117, 'https://management.newrainbowmarket.com/img/items/117/hN1C72awcNb73Uw5GY0nycn6Vg528cNMoxfbdMfK.jpg', '2021-05-20 10:43:23', '2021-05-20 10:43:23'),
(300, 118, 'https://management.newrainbowmarket.com/img/items/118/favf56jQlZEQ1rkcRkc19OyEfsMxpXU2Ni84JU8a.jpg', '2021-05-20 16:39:18', '2021-05-20 16:39:18'),
(301, 118, 'https://management.newrainbowmarket.com/img/items/118/eUuYqgz57rl8xlOE10iXfkSKhxHCiOQNfirTObEj.jpg', '2021-05-20 16:39:18', '2021-05-20 16:39:18'),
(302, 118, 'https://management.newrainbowmarket.com/img/items/118/D9uIUnSaqL0I39IGNUBBn3gkuxmSmpBbq4Rn9HK5.jpg', '2021-05-20 16:39:19', '2021-05-20 16:39:19'),
(303, 118, 'https://management.newrainbowmarket.com/img/items/118/uhoxZJl9P0jf5kWTWXNVVBJPX2XMxZS8tDlOZ9lz.jpg', '2021-05-20 16:39:19', '2021-05-20 16:39:19'),
(304, 119, 'https://management.newrainbowmarket.com/img/items/119/Vcy3SKbQKAhNM1nufwGS9teOgDXbCJocm2YpSUXy.jpg', '2021-05-20 17:06:51', '2021-05-20 17:06:51'),
(305, 119, 'https://management.newrainbowmarket.com/img/items/119/PQMCv45lvXR2LpdWfgEiuHKQO6p2n0atKmsDhiBV.jpg', '2021-05-20 17:06:51', '2021-05-20 17:06:51'),
(306, 119, 'https://management.newrainbowmarket.com/img/items/119/h8wfNIWGK64ZTccxKn07hQ219Sr6QhdFavoKjZdz.jpg', '2021-05-20 17:06:51', '2021-05-20 17:06:51'),
(307, 119, 'https://management.newrainbowmarket.com/img/items/119/MJTyzmcLQjqU1Ty9kVbhRMOkpDcRTxk2FzoIn8jQ.jpg', '2021-05-20 17:06:51', '2021-05-20 17:06:51'),
(308, 119, 'https://management.newrainbowmarket.com/img/items/119/wql9MgxuIohOXdABfWxeZABq7Mv86MEUt2DAh0yI.jpg', '2021-05-20 17:06:52', '2021-05-20 17:06:52'),
(309, 119, 'https://management.newrainbowmarket.com/img/items/119/i3KP7TBeQMgUhju7PMvrPNONNhPIM8mHkX1UuhsY.jpg', '2021-05-20 17:06:52', '2021-05-20 17:06:52'),
(310, 120, 'https://management.newrainbowmarket.com/img/items/120/eCavlm8WAUEwIdDUlP7FRrC7AhIjifPnw75WDkP8.jpg', '2021-05-21 04:40:18', '2021-05-21 04:40:18'),
(311, 120, 'https://management.newrainbowmarket.com/img/items/120/LRpZH40V8sHH8OVCOjwqrO6mEf9OvdOb6oJZPjX1.jpg', '2021-05-21 04:40:18', '2021-05-21 04:40:18'),
(312, 120, 'https://management.newrainbowmarket.com/img/items/120/cHsAocflOKUPFFsLiUu9qnyE47ehbLvA5ODOBzeK.jpg', '2021-05-21 04:40:18', '2021-05-21 04:40:18'),
(313, 121, 'https://management.newrainbowmarket.com/img/items/121/LiH0nlEBw1Y5csAaCed6dDBr1GSso3x4tRqT4Qcr.jpg', '2021-05-21 05:04:51', '2021-05-21 05:04:51'),
(314, 121, 'https://management.newrainbowmarket.com/img/items/121/MsAMrViBpUwHXdRRrHMb1oBJBPrOKxmdzbxJrxc3.jpg', '2021-05-21 05:04:51', '2021-05-21 05:04:51'),
(315, 121, 'https://management.newrainbowmarket.com/img/items/121/gQcTflZ2xQEJZUanGs3nOgGRzpTgdp38bTpBQo6c.jpg', '2021-05-21 05:04:51', '2021-05-21 05:04:51'),
(316, 122, 'https://management.newrainbowmarket.com/img/items/122/REY9DCbkjvpQuPqGZwMPYPm8tP2QdZbnRbf95HLV.jpg', '2021-05-21 05:33:23', '2021-05-21 05:33:23'),
(317, 123, 'https://management.newrainbowmarket.com/img/items/123/QYNKffLDinb6aq9hTRXtHMjtwCWCk6qW0LokmjvH.jpg', '2021-05-21 06:02:49', '2021-05-21 06:02:49'),
(318, 123, 'https://management.newrainbowmarket.com/img/items/123/hF21QCHpxMgwgrVuLRu8KaCoUalFk4QcAzRTUpGL.jpg', '2021-05-21 06:02:50', '2021-05-21 06:02:50'),
(319, 124, 'https://management.newrainbowmarket.com/img/items/124/nVfgVm0KYNorV8EuXkOpQuaaKJ2sMzzuuWFe85lr.jpg', '2021-05-22 12:17:23', '2021-05-22 12:17:23'),
(320, 124, 'https://management.newrainbowmarket.com/img/items/124/QtBbx3uyUo7TBOZ53EqZYFOk4dclZRFHkPMlJHem.jpg', '2021-05-22 12:18:20', '2021-05-22 12:18:20'),
(321, 124, 'https://management.newrainbowmarket.com/img/items/124/NT9tE0bXfLXh1kA5C1GhWMIgLuQnHekcYtENtG9g.jpg', '2021-05-22 12:18:21', '2021-05-22 12:18:21'),
(322, 125, 'https://management.newrainbowmarket.com/img/items/125/5Ppy2qvHpoc6HO9MDfZE0HvQWsuahSXgU2fGxQ3B.jpg', '2021-05-26 03:43:55', '2021-05-26 03:43:55'),
(323, 126, 'https://management.newrainbowmarket.com/img/items/126/gInGqI9tV1AVxagoFW8lB5D1V7mBxZDDYSluDnjq.jpg', '2021-05-26 05:11:06', '2021-05-26 05:11:06'),
(324, 127, 'https://management.newrainbowmarket.com/img/items/127/CBE7EO9WVQ9TzosbXWo87wl2EyZm1INiSzoDoRkU.jpg', '2021-05-26 05:17:37', '2021-05-26 05:17:37');

INSERT INTO `item_utils` (`item_id`, `is_listed`, `view_count`, `sold`, `created_at`, `updated_at`) VALUES
(2, 1, 79, 4, '2021-05-06 00:52:07', '2021-05-25 18:01:00'),
(3, 1, 9, 0, '2021-05-11 01:33:18', '2021-05-22 01:08:54'),
(4, 1, 2, 0, '2021-05-11 01:44:21', '2021-05-22 01:08:31'),
(5, 1, 20, 0, '2021-05-11 01:47:31', '2021-05-23 14:32:23'),
(6, 1, 11, 2, '2021-05-11 01:49:07', '2021-05-25 00:03:24'),
(7, 1, 23, 0, '2021-05-11 01:51:02', '2021-05-26 05:00:21'),
(8, 1, 6, 0, '2021-05-11 01:55:14', '2021-05-22 01:04:39'),
(9, 1, 9, 0, '2021-05-11 01:57:36', '2021-05-24 02:39:51'),
(10, 1, 3, 0, '2021-05-11 02:11:29', '2021-05-22 01:02:00'),
(11, 1, 31, 0, '2021-05-11 02:12:35', '2021-05-24 02:39:44'),
(12, 1, 15, 0, '2021-05-11 02:14:05', '2021-05-24 02:39:55'),
(13, 1, 23, 0, '2021-05-11 02:15:48', '2021-05-26 04:28:29'),
(14, 1, 22, 0, '2021-05-11 02:19:59', '2021-05-25 21:22:52'),
(15, 1, 2, 0, '2021-05-11 02:21:11', '2021-05-23 23:20:07'),
(16, 1, 16, 1, '2021-05-11 02:22:51', '2021-05-24 02:40:08'),
(17, 1, 1, 0, '2021-05-11 02:24:02', '2021-05-22 00:48:07'),
(18, 1, 0, 0, '2021-05-11 02:25:17', '2021-05-22 00:44:52'),
(19, 1, 7, 0, '2021-05-11 02:27:18', '2021-05-22 21:39:18'),
(20, 1, 2, 0, '2021-05-11 02:28:16', '2021-05-22 03:14:21'),
(21, 1, 2, 0, '2021-05-11 02:29:08', '2021-05-22 04:49:27'),
(22, 1, 2, 0, '2021-05-11 02:29:51', '2021-05-22 04:49:08'),
(23, 1, 4, 4, '2021-05-11 02:30:36', '2021-05-22 03:12:57'),
(24, 1, 4, 2, '2021-05-11 02:31:39', '2021-05-22 03:12:15'),
(25, 1, 6, 0, '2021-05-11 02:33:34', '2021-05-21 08:18:47'),
(26, 1, 0, 0, '2021-05-11 03:07:04', '2021-05-22 03:11:09'),
(27, 1, 1, 0, '2021-05-11 03:07:39', '2021-05-14 04:02:16'),
(28, 1, 0, 0, '2021-05-11 03:08:41', '2021-05-13 04:16:28'),
(29, 1, 12, 2, '2021-05-11 03:09:20', '2021-05-22 03:10:18'),
(30, 1, 3, 0, '2021-05-11 03:10:17', '2021-05-14 09:03:22'),
(31, 1, 23, 0, '2021-05-11 03:11:08', '2021-05-24 04:48:38'),
(32, 1, 4, 0, '2021-05-11 03:11:44', '2021-05-22 04:48:23'),
(33, 1, 24, 1, '2021-05-11 03:12:54', '2021-05-22 03:07:25'),
(34, 1, 6, 0, '2021-05-11 03:13:47', '2021-05-22 03:06:58'),
(35, 1, 11, 0, '2021-05-11 03:14:58', '2021-05-26 05:01:14'),
(36, 1, 6, 0, '2021-05-11 03:15:36', '2021-05-23 20:18:33'),
(37, 1, 29, 0, '2021-05-11 03:28:56', '2021-05-26 04:26:38'),
(38, 1, 19, 0, '2021-05-11 03:32:16', '2021-05-24 10:54:58'),
(39, 1, 7, 0, '2021-05-11 03:34:17', '2021-05-22 06:40:51'),
(40, 1, 4, 0, '2021-05-11 17:54:10', '2021-05-21 08:17:12'),
(41, 1, 3, 0, '2021-05-11 20:37:47', '2021-05-22 06:41:18'),
(42, 1, 4, 0, '2021-05-11 20:39:50', '2021-05-22 01:38:11'),
(43, 1, 0, 0, '2021-05-11 21:47:40', '2021-05-22 02:55:25'),
(44, 1, 0, 0, '2021-05-11 21:51:07', '2021-05-22 01:30:57'),
(45, 1, 0, 0, '2021-05-11 21:52:03', '2021-05-22 01:30:19'),
(78, 1, 3, 0, '2021-05-13 12:05:41', '2021-05-25 22:16:51'),
(47, 1, 0, 0, '2021-05-11 21:55:19', '2021-05-22 01:29:30'),
(48, 1, 2, 0, '2021-05-11 21:56:38', '2021-05-22 02:54:11'),
(49, 1, 1, 0, '2021-05-11 21:59:43', '2021-05-22 02:53:36'),
(50, 1, 5, 0, '2021-05-11 22:02:29', '2021-05-22 01:28:30'),
(51, 1, 8, 0, '2021-05-11 22:04:36', '2021-05-25 00:02:47'),
(52, 1, 3, 0, '2021-05-11 22:05:56', '2021-05-22 02:23:51'),
(53, 1, 5, 0, '2021-05-11 22:08:21', '2021-05-22 02:16:58'),
(54, 1, 2, 0, '2021-05-11 22:11:35', '2021-05-18 16:25:31'),
(55, 1, 1, 0, '2021-05-11 22:12:52', '2021-05-22 02:15:49'),
(56, 1, 38, 0, '2021-05-11 22:13:51', '2021-05-26 04:25:42'),
(57, 1, 1, 0, '2021-05-11 22:15:21', '2021-05-22 02:13:41'),
(58, 1, 44, 1, '2021-05-11 22:16:37', '2021-05-26 05:32:21'),
(59, 1, 22, 0, '2021-05-11 22:18:21', '2021-05-24 02:40:19'),
(60, 1, 0, 0, '2021-05-11 22:19:25', '2021-05-22 02:10:35'),
(61, 1, 23, 0, '2021-05-11 22:20:18', '2021-05-24 02:40:17'),
(62, 1, 9, 0, '2021-05-11 22:21:31', '2021-05-24 02:40:17'),
(63, 1, 2, 0, '2021-05-11 22:22:40', '2021-05-22 02:07:40'),
(64, 1, 7, 0, '2021-05-11 22:24:46', '2021-05-22 02:06:18'),
(65, 1, 8, 1, '2021-05-11 22:26:59', '2021-05-24 02:40:20'),
(66, 1, 2, 0, '2021-05-11 22:28:25', '2021-05-22 02:03:50'),
(67, 1, 2, 0, '2021-05-11 22:34:48', '2021-05-22 03:41:39'),
(68, 1, 1, 0, '2021-05-11 22:35:37', '2021-05-22 03:40:52'),
(69, 1, 2, 0, '2021-05-11 22:36:10', '2021-05-22 03:39:59'),
(70, 1, 0, 0, '2021-05-11 22:37:07', '2021-05-22 03:39:04'),
(71, 1, 0, 0, '2021-05-11 22:37:47', '2021-05-22 03:38:06'),
(72, 1, 0, 0, '2021-05-11 22:39:00', '2021-05-22 03:37:05'),
(73, 1, 1, 0, '2021-05-11 22:39:45', '2021-05-22 03:36:17'),
(74, 1, 1, 0, '2021-05-11 22:40:29', '2021-05-22 03:35:19'),
(75, 1, 1, 0, '2021-05-11 22:41:50', '2021-05-22 07:57:16'),
(76, 1, 23, 0, '2021-05-11 22:42:41', '2021-05-24 02:39:45'),
(77, 1, 29, 0, '2021-05-11 22:45:42', '2021-05-24 04:00:14'),
(79, 1, 0, 0, '2021-05-13 12:11:53', '2021-05-25 21:25:28'),
(80, 1, 9, 0, '2021-05-13 12:19:06', '2021-05-24 02:39:40'),
(81, 1, 7, 0, '2021-05-13 13:11:11', '2021-05-24 02:39:52'),
(82, 1, 4, 0, '2021-05-13 13:27:40', '2021-05-22 02:48:51'),
(83, 1, 6, 0, '2021-05-13 13:48:20', '2021-05-22 00:44:03'),
(84, 1, 1, 0, '2021-05-13 21:06:21', '2021-05-21 08:09:38'),
(85, 1, 0, 0, '2021-05-13 21:21:24', '2021-05-14 12:06:59'),
(86, 1, 2, 0, '2021-05-13 21:30:23', '2021-05-22 03:33:05'),
(87, 1, 0, 0, '2021-05-13 22:01:41', '2021-05-14 12:08:16'),
(88, 1, 0, 0, '2021-05-13 22:42:10', '2021-05-14 12:06:35'),
(89, 1, 1, 0, '2021-05-13 22:52:00', '2021-05-15 08:12:51'),
(90, 1, 1, 0, '2021-05-13 22:56:30', '2021-05-14 12:09:18'),
(91, 1, 1, 0, '2021-05-14 01:17:35', '2021-05-23 20:18:08'),
(92, 1, 0, 0, '2021-05-14 01:22:52', '2021-05-14 12:02:10'),
(93, 1, 8, 0, '2021-05-14 06:26:00', '2021-05-22 03:02:21'),
(94, 1, 25, 0, '2021-05-14 09:04:48', '2021-05-26 04:25:31'),
(95, 1, 0, 0, '2021-05-14 09:45:26', '2021-05-22 01:20:10'),
(96, 1, 4, 0, '2021-05-14 09:58:20', '2021-05-23 14:32:13'),
(97, 1, 0, 0, '2021-05-14 10:08:12', '2021-05-22 02:50:34'),
(98, 1, 1, 0, '2021-05-14 10:35:46', '2021-05-22 01:47:17'),
(99, 1, 1, 0, '2021-05-14 11:06:26', '2021-05-22 01:46:35'),
(100, 1, 5, 0, '2021-05-14 11:28:12', '2021-05-22 01:45:52'),
(101, 1, 3, 0, '2021-05-14 11:33:30', '2021-05-22 01:45:06'),
(103, 1, 5, 2, '2021-05-14 20:58:49', '2021-05-22 03:26:04'),
(104, 1, 10, 0, '2021-05-15 04:48:56', '2021-05-22 04:45:23'),
(105, 1, 3, 0, '2021-05-15 05:40:41', '2021-05-22 03:24:28'),
(106, 1, 3, 0, '2021-05-15 09:38:02', '2021-05-26 05:00:38'),
(107, 1, 2, 0, '2021-05-15 09:46:46', '2021-05-22 21:36:33'),
(108, 1, 4, 0, '2021-05-15 09:52:35', '2021-05-23 21:26:11'),
(109, 1, 2, 0, '2021-05-15 09:58:32', '2021-05-22 03:21:00'),
(110, 1, 2, 0, '2021-05-15 10:03:55', '2021-05-23 20:16:04'),
(111, 1, 2, 0, '2021-05-15 10:16:27', '2021-05-22 03:19:32'),
(112, 1, 3, 0, '2021-05-15 10:29:56', '2021-05-22 03:18:52'),
(113, 1, 3, 0, '2021-05-15 10:51:14', '2021-05-22 03:17:51'),
(114, 1, 23, 0, '2021-05-15 11:06:17', '2021-05-26 01:18:26'),
(115, 1, 5, 0, '2021-05-15 12:25:36', '2021-05-22 01:11:43'),
(116, 1, 5, 0, '2021-05-15 12:46:20', '2021-05-22 01:10:34'),
(117, 1, 5, 0, '2021-05-20 10:18:31', '2021-05-23 14:32:03'),
(118, 1, 16, 0, '2021-05-20 16:13:09', '2021-05-26 04:02:55'),
(119, 1, 6, 0, '2021-05-20 16:55:46', '2021-05-24 02:40:01'),
(120, 1, 6, 0, '2021-05-21 04:16:51', '2021-05-24 02:40:11'),
(121, 1, 9, 0, '2021-05-21 04:41:35', '2021-05-25 00:01:35'),
(122, 1, 11, 0, '2021-05-21 05:14:26', '2021-05-24 10:59:16'),
(123, 1, 0, 0, '2021-05-21 05:43:12', '2021-05-22 01:43:23'),
(124, 1, 10, 0, '2021-05-22 12:00:41', '2021-05-26 04:59:58'),
(125, 1, 0, 0, '2021-05-26 03:28:59', '2021-05-26 03:45:42'),
(126, 1, 0, 0, '2021-05-26 05:05:14', '2021-05-26 05:11:06'),
(127, 1, 0, 0, '2021-05-26 05:11:36', '2021-05-26 05:17:37');

INSERT INTO `orders` (`id`, `code`, `mode`, `delivery_id`, `shipping_fee`, `payment_method`, `status`, `receipt_image`, `created_at`, `updated_at`) VALUES
(1, 'ECOLLA20210511145755', 'delivery', 'ECOLLA20210511145755', 3, 'tng', 'canceled', 'https://www.newrainbowmarket.com/uploads/receipts/LMpGfeaVZoy28eCKJd9fFKiJbuc2O2oYLrkSaFg5.jpg', '2021-05-11 06:57:56', '2021-05-11 23:05:53'),
(2, 'ECOLLA20210515055131', 'delivery', '123456', 3, 'tng', 'completed', 'https://www.newrainbowmarket.com/uploads/receipts/QZR2GTl06T3GKveMIjjdsyBf30pu3IqdDlTKcJ1D.jpg', '2021-05-14 21:51:32', '2021-05-14 21:54:08'),
(3, 'ECOLLA20210519090511', 'delivery', '正在途中', 3, 'boost', 'completed', 'https://www.newrainbowmarket.com/uploads/receipts/VMyUPUulls5jMn4dCnr6UDzXi1oMRaExBLji5Ly5.jpg', '2021-05-19 01:05:12', '2021-05-19 03:37:57');

INSERT INTO `order_items` (`id`, `order_id`, `name`, `name_en`, `barcode`, `price`, `discount_rate`, `quantity`, `created_at`, `updated_at`) VALUES
(1, 1, 'RIO 鸡尾酒 瓶装 275毫升 蓝玫瑰威士忌275ml', 'RIO Cocktail Bottled Series 275ML Rose+Whisky 275ml', '6935145301047', 11.5, 1, 3, '2021-05-11 06:57:56', '2021-05-11 06:57:56'),
(2, 2, '江记福州鱼丸 原味 200g', 'Fuzhou Meat Fish Ball Original 200g', '9555538501020', 6.2, 1, 2, '2021-05-14 21:51:32', '2021-05-14 21:51:32'),
(3, 2, '阿来小笼汤包8粒232g 阿来小笼汤包8粒', 'Alai Xiaolong Tang Bao 8 pieces 232g Alai Xiaolong Tang Bao 8 pieces', '805627350688', 12.5, 1, 1, '2021-05-14 21:51:32', '2021-05-14 21:51:32'),
(4, 2, '豆沙包4粒 豆沙包4粒', '4 Bean Paste Buns 4 Bean Paste Buns', '9555646302038', 6.5, 1, 4, '2021-05-14 21:51:32', '2021-05-14 21:51:32'),
(5, 2, '莲蓉包4粒 莲蓉包4粒', '4 lotus paste packets 4 lotus paste packets', '9555646302045', 6.5, 1, 2, '2021-05-14 21:51:32', '2021-05-14 21:51:32'),
(6, 2, '烧卖30粒 烧卖30粒', '30 siu mai 30 siu mai', '9555646302205', 16.2, 1, 2, '2021-05-14 21:51:32', '2021-05-14 21:51:32'),
(7, 3, '白家阿宽 南昌拌粉200g 包装200g', 'Baijia Akuan Nanchang Mixing Noodles200g Pack200g', '6926410321044', 8, 1, 1, '2021-05-19 01:05:12', '2021-05-19 01:05:12'),
(8, 3, '紫山刀削面 盒装 香辣猪肉530g', 'ZiShan Sliced Noodles Boxed Spicy pork530g', '6971885310857', 14.5, 1, 1, '2021-05-19 01:05:12', '2021-05-19 01:05:12'),
(9, 3, '洽洽 山药脆片75g 葱香味', 'Qia Qia Yam Chips 75g Scallion fragrance', '6924187863903', 5.2, 1, 1, '2021-05-19 01:05:12', '2021-05-19 01:05:12'),
(10, 3, 'JORNGUAN茉莉花香糯米饼干100g 茉莉花香糯米饼干', 'JORNGUAN Jasmine Rice Cracker with Flossy 100g Jasmine Rice Cracker with Flossy', '8853930001102', 6.7, 1, 1, '2021-05-19 01:05:12', '2021-05-19 01:05:12'),
(11, 3, '洽洽 山药脆片75g 番茄味', 'Qia Qia Yam Chips 75g Tomato flavor', '6924187863873', 5.2, 1, 1, '2021-05-19 01:05:12', '2021-05-19 01:05:12');

INSERT INTO `variations` (`id`, `barcode`, `name`, `name_en`, `price`, `weight`, `image`, `stock`, `item_id`, `created_at`, `updated_at`) VALUES
(3, '6935145301047', '蓝玫瑰威士忌275ml', 'Rose+Whisky 275ml', 11.9, 0.3, 'https://management.newrainbowmarket.com/img/items/2/iHriIakPXbpPlwStxxqKBVwgv7xwZoJkpFcAuiqH.jpg', 16, 2, '2021-05-11 00:52:18', '2021-05-11 06:57:56'),
(4, '6935145301078', '紫葡萄白兰地275ml', 'Grape Brandy 275ml', 11.9, 0.3, 'https://management.newrainbowmarket.com/img/items/2/p4t2PmAxgZMHh1glEto9QVptz15tS7jmlrq66c3h.jpg', 20, 2, '2021-05-11 00:52:18', '2021-05-11 00:52:18'),
(5, '6935145301030', '水蜜桃白兰地275ml', 'Peach Brandy 275ml', 11.9, 0.3, 'https://management.newrainbowmarket.com/img/items/2/rwNTP8hEaibOaWoYt1vCm3vbAZfQRnSgIUxNiMMT.jpg', 20, 2, '2021-05-11 00:52:18', '2021-05-11 00:52:18'),
(6, '6935145301016', '青柠青瓜朗姆275ml', 'Lime Cucumber 275ml', 11.9, 0.3, 'https://management.newrainbowmarket.com/img/items/2/UVPKVqvjTg8dmtBnJkR6JoOOMj6LqMfvit673iNF.jpg', 20, 2, '2021-05-11 00:52:18', '2021-05-11 00:52:18'),
(7, '6935145301023', '黑加仑香橙伏特加275ml', 'Black Current Orange 275ml', 11.9, 0.3, 'https://management.newrainbowmarket.com/img/items/2/j9J93eEiRKDBP52RJlyyYIhLi0KcyWPRBnmTyYTb.jpg', 20, 2, '2021-05-11 00:52:18', '2021-05-11 00:52:18'),
(8, '6935145301061', '混合水果（宾治)伏特加275ml', 'Mix Fruit 275ml', 11.9, 0.3, 'https://management.newrainbowmarket.com/img/items/2/GNJfeSLZNfza8Y5xGwqV6jNiSBSvQzAc2lWHYMh4.jpg', 20, 2, '2021-05-11 00:52:18', '2021-05-11 00:52:18'),
(292, '9557771206700', '咸蛋卷饼256g', 'Salted Egg Burrito 256g', 8.9, 0.156, 'https://management.newrainbowmarket.com/img/items/10/wvaPTSmqcWPZM88QG8KXsUJbpRrNcXq50S6IAnp7.jpg', 7, 10, '2021-05-13 09:08:34', '2021-05-13 09:08:34'),
(315, '6924743919259', '黄瓜味', 'Cucumber flavor', 5.8, 0.07, 'https://management.newrainbowmarket.com/img/items/3/n6MbuTUqqmFQPvaJsYNF4jgSLknuBG3MixxL3oa2.jpg', 7, 3, '2021-05-13 10:52:40', '2021-05-13 10:52:40'),
(314, '6924743925632', '苦芥山药卷黑椒牛扒味80g', 'Bitter Mustard Yam Roll Black Pepper Steak Flavor', 6.5, 0.08, 'https://management.newrainbowmarket.com/img/items/4/hAbpr9jfhMi4LTAPddSGFeR94lmfCJGnEr2G37SQ.jpg', 7, 4, '2021-05-13 10:40:01', '2021-05-13 10:40:01'),
(312, '6920912360402', '田园番茄味 60g', 'Tomato Flavor 60g', 3.5, 0.06, 'https://management.newrainbowmarket.com/img/items/5/0rXuIGlyjdBblFBrH2VhljqtT4kK9h0WK0AbeuEt.jpg', 6, 5, '2021-05-13 10:36:42', '2021-05-13 10:36:42'),
(318, '6921294393798', '茉莉蜜茶', 'Jasmine Honey Tea', 3.2, 0.5, 'https://management.newrainbowmarket.com/img/items/40/k5U3bRR1OJ5BrvpACSk77ZgIWSApJfmkQgH3iQKd.jpg', 10, 40, '2021-05-13 11:37:01', '2021-05-13 11:37:01'),
(284, '6972636672224', '香辣味', 'Spicy flavour', 19.5, 0.2, 'https://management.newrainbowmarket.com/img/items/13/7cSnxJR1jREWtC935gYzAkk36qKrz1waGHHFYVae.jpg', 0, 13, '2021-05-13 08:17:27', '2021-05-13 08:17:27'),
(282, '8850157524759', '咸蛋鸡腿饼', 'Salted Egg Chicken Drumsticks', 3.5, 0.055, 'https://management.newrainbowmarket.com/img/items/15/2z7mBOxF4CioUCMvsBBLDYdFhUDw20lmPwUdVRcB.jpg', 20, 15, '2021-05-13 08:00:16', '2021-05-13 08:00:16'),
(278, '4897102151459', '白桃', 'White peach', 8.5, 0.35, 'https://management.newrainbowmarket.com/img/items/18/F9RRdHLS8Csx0asAeGrjTtkutrVPbKINBEUDej17.jpg', 3, 18, '2021-05-13 05:59:17', '2021-05-13 05:59:17'),
(276, '9555646302304', '生肉包4粒', '4 raw meat buns', 7.8, 0, 'https://management.newrainbowmarket.com/img/items/20/hLIeFCaRvyXHl6UsaYmcRN6O8MaEAdojpzgzwIKi.jpg', 10, 20, '2021-05-13 04:28:25', '2021-05-13 04:28:25'),
(271, '9555646302038', '豆沙包4粒', '4 Bean Paste Buns', 6.7, 0, 'https://management.newrainbowmarket.com/img/items/23/S5zqByqOXJs3kc6inmsGyPKE5kofxBhby9UM7owG.jpg', 6, 23, '2021-05-13 03:25:09', '2021-05-14 21:51:32'),
(270, '9555646302045', '莲蓉包4粒', '4 lotus paste packets', 6.7, 0, 'https://management.newrainbowmarket.com/img/items/24/gxJw4Eu4HWoyQEmDCTpBAJYSlDBiJ2lbbndDzWcN.jpg', 8, 24, '2021-05-13 03:23:41', '2021-05-14 21:51:32'),
(274, '9555646302083', '小笼叉烧包9粒', '9 Xiaolong Barbecued Pork Buns', 7.2, 0, 'https://management.newrainbowmarket.com/img/items/22/Ry11LZCtemkBVJy7cVmHX9VyKTr5ezX4cU9BDFwU.jpg', 10, 22, '2021-05-13 04:09:34', '2021-05-13 04:09:34'),
(101, '6921168593583', '柠檬红茶 500ml', 'lemon Red tea 500ml', 4.8, 0.5, 'https://management.newrainbowmarket.com/img/items/39/Hbq6hMCVeZxEfayBusPohe2JQ0iAB2rN785zOi2U.jpg', 20, 39, '2021-05-11 07:30:41', '2021-05-11 07:30:41'),
(102, '6921168593736', '玫瑰荔枝红茶 500ml', 'Rose Lychee Black Tea 500ml', 4.8, 0.5, 'https://management.newrainbowmarket.com/img/items/39/62WgvZ9PnKv7vUiGVQ6b6R5DfJFoxwiOOJeP39SJ.jpg', 20, 39, '2021-05-11 07:30:41', '2021-05-11 07:30:41'),
(100, '6921168593576', '柚子绿茶 500ml', 'Grapefruit green tea 500ml', 4.8, 0.5, 'https://management.newrainbowmarket.com/img/items/39/md2FFtKruKVX5xdO4hv20ex1INuzW2yqp0rcUjad.jpg', 20, 39, '2021-05-11 07:30:41', '2021-05-11 07:30:41'),
(122, '9555646302113', '紫菜卖9粒', 'Seaweed sells 9 pieces', 8.7, 0, 'https://management.newrainbowmarket.com/img/items/31/bXJr3Q2FjrTbfXy6G6E4Itj7koY1InYsbZqFQzyk.jpg', 10, 31, '2021-05-11 07:54:06', '2021-05-11 07:54:06'),
(120, '6939039630015', '白菜水饺', 'Cabbage dumplings', 11.5, 0.4, 'https://management.newrainbowmarket.com/img/items/36/Bw3hpaZbTDbCUhSO0o93RrCK71HMfbzcAnhk54o1.jpg', 15, 36, '2021-05-11 07:50:00', '2021-05-11 07:50:00'),
(118, '6939039630039', '芹菜水饺', 'Celery dumplings', 11.5, 0.4, 'https://management.newrainbowmarket.com/img/items/36/WiGXbpOlmxX7yQlgeHmMzQXQ1uQqgnegT95TDBZR.jpg', 15, 36, '2021-05-11 07:50:00', '2021-05-11 07:50:00'),
(116, '6939039630046', '香菇水饺', 'Mushroom Dumplings', 11.5, 0.4, 'https://management.newrainbowmarket.com/img/items/36/rBj5f5wrK9bF1cNqVUKy9sqFYhiVNsPnRmRbTKED.jpg', 15, 36, '2021-05-11 07:50:00', '2021-05-11 07:50:00'),
(114, '6935145343092', '萌檬红茶鸡尾酒', 'Moe Lemon Black Tea Cocktail', 8.9, 0.33, 'https://management.newrainbowmarket.com/img/items/37/IbTK5Zabhk7Boqz61G2ladUS65n2SQAmNpa7eZ2s.jpg', 15, 37, '2021-05-11 07:40:49', '2021-05-11 07:40:49'),
(115, '6935145343108', '乐橘乌龙鸡尾酒', 'Le Orange Oolong Cocktail', 8.9, 0.33, 'https://management.newrainbowmarket.com/img/items/37/WPcWwLLn1rPPXcYam8z9UioZ192qLHsb0Hz5GW4z.jpg', 15, 37, '2021-05-11 07:40:49', '2021-05-11 07:40:49'),
(124, '9555646302007', '糯米鸡2粒', '2 glutinous rice chicken', 7.5, 0, 'https://management.newrainbowmarket.com/img/items/32/s9DQsLfbAm1yk7DIINMggJMB7Yld5JOjSNBOcXx1.jpg', 10, 32, '2021-05-11 08:11:31', '2021-05-11 08:11:31'),
(105, '8801048921102', 'Green Grape Soju 360ml', 'Green Grape Soju 360ml', 17.5, 0.36, 'https://management.newrainbowmarket.com/img/items/38/echD35wB68cpGQ6YSXIAJmu6TNhSraiyq92qUSWW.jpg', 20, 38, '2021-05-11 07:36:44', '2021-05-11 07:36:44'),
(106, '8801048178308', 'Plum Soju 360ml', 'Plum Soju 360ml', 17.5, 0.36, 'https://management.newrainbowmarket.com/img/items/38/le0uWNMAJfsu1i6JB0pyX7jRCOoVW8KKehUdQR8E.jpg', 0, 38, '2021-05-11 07:36:44', '2021-05-11 07:36:44'),
(107, '8801048178018', 'Strawberry Soju 360ml', 'Strawberry Soju 360ml', 17.5, 0.36, 'https://management.newrainbowmarket.com/img/items/38/frj5CxqXgA5bvgVc7Qbiubenc7DvEIEO0LAL71SO.jpg', 20, 38, '2021-05-11 07:36:44', '2021-05-11 07:36:44'),
(108, '8801048921003', 'Grapefruit Soju 360ml', 'Grapefruit Soju 360ml', 17.5, 0.36, 'https://management.newrainbowmarket.com/img/items/38/zokPPYAX08ySKVeN7u2CrjiOyLR3LjjpA1uGg3dk.jpg', 0, 38, '2021-05-11 07:36:44', '2021-05-11 07:36:44'),
(104, '8801048951000', 'Chamisul Fresh Soju 360ml', 'Chamisul Fresh Soju 360ml', 17.5, 0.36, 'https://management.newrainbowmarket.com/img/items/38/275H24Uw1u9Yd4ze2VDTPJ8e25lqMj6JCAizi4Ku.jpg', 20, 38, '2021-05-11 07:36:44', '2021-05-11 07:36:44'),
(110, '6935145343061', '玫瑰荔枝白兰地风味', 'Rose Lychee Brandy Flavor', 8.9, 0.33, 'https://management.newrainbowmarket.com/img/items/37/EPK0K54zamZzLYDdrpT1nDJ5ci9Nda6kBkJqk5B9.jpg', 15, 37, '2021-05-11 07:40:49', '2021-05-11 07:40:49'),
(111, '6935145343016', '柠檬朗姆风味', 'Lemon rum flavor', 8.9, 0.33, 'https://management.newrainbowmarket.com/img/items/37/F7BHMe32L3eLJv4griras1EkllVCxsTUXstLiOOH.jpg', 15, 37, '2021-05-11 07:40:49', '2021-05-11 07:40:49'),
(112, '6935145343030', '白桃白兰地风味', 'White Peach Brandy Flavor', 8.9, 0.33, 'https://management.newrainbowmarket.com/img/items/37/BtHWmBoG55XLNTB2sbQCsnavEfQESkZWJszVkWqg.jpg', 15, 37, '2021-05-11 07:40:49', '2021-05-11 07:40:49'),
(113, '6935145343054', '乳酸菌伏特加风味', 'Lactobacillus vodka flavor', 8.9, 0.33, 'https://management.newrainbowmarket.com/img/items/37/7cS0lY18Fbbm2VM8oZFj5G7yazbbn5A8IAEyld8d.jpg', 15, 37, '2021-05-11 07:40:49', '2021-05-11 07:40:49'),
(109, '6935145343047', '葡萄白兰地风味', 'Grape brandy flavor', 8.9, 0.33, 'https://management.newrainbowmarket.com/img/items/37/eDkESC9ur2rFdZ92uIWurLe9qMxwppFAQCQ6rpyt.jpg', 15, 37, '2021-05-11 07:40:49', '2021-05-11 07:40:49'),
(121, '6939039630053', '韭菜鸡蛋水饺', 'Leek and Egg Dumplings', 11.5, 0.4, 'https://management.newrainbowmarket.com/img/items/36/VvX8sipczGyrCqyKsdzLdpPM5pyNfwaHKmBYj4jM.jpg', 15, 36, '2021-05-11 07:50:00', '2021-05-11 07:50:00'),
(119, '6939039630022', '韭菜水饺', 'Leek dumplings', 11.5, 0.4, 'https://management.newrainbowmarket.com/img/items/36/ZqDd5ixYGURgLWWLeolGfUZ4fCIHm4VeEj38ee82.jpg', 15, 36, '2021-05-11 07:50:00', '2021-05-11 07:50:00'),
(117, '6939039630008', '大葱水饺', 'Scallion dumplings', 11.5, 0.4, 'https://management.newrainbowmarket.com/img/items/36/c3GzHcBkB30NbnH01Op2AwKqd4DrZP4h4Curpber.jpg', 15, 36, '2021-05-11 07:50:00', '2021-05-11 07:50:00'),
(99, '6921168593552', '西柚茉莉花茶 500ml', 'Grapefruit Jasmine Tea 500ml', 4.8, 0.5, 'https://management.newrainbowmarket.com/img/items/39/qjGHQRWolncute19LUr9kWiCGvdZaWMHbBM9EVaA.jpg', 20, 39, '2021-05-11 07:30:41', '2021-05-11 07:30:41'),
(97, '805627350688', '阿来小笼汤包8粒', 'Alai Xiaolong Tang Bao 8 pieces', 12.9, 0.232, 'https://management.newrainbowmarket.com/img/items/33/bqWVCfjRwwiryFIGBLBVQxqnWyYM1E2h0R2JV0Cl.jpg', 9, 33, '2021-05-11 07:27:12', '2021-05-14 21:51:32'),
(98, '3173324112654', '阿来鸡肉小笼汤包6粒', 'Alai Chicken Xiaolong Tang Bao 6pcs', 8.9, 0, 'https://management.newrainbowmarket.com/img/items/35/KXBpjaPutDjyxVDdp2SCXMwnQBSlXQrCQpJeDlK4.jpg', 10, 35, '2021-05-11 07:28:15', '2021-05-11 07:28:15'),
(123, '9555646302106', '烧卖9粒', '9 Siu Mai', 8.7, 0, 'https://management.newrainbowmarket.com/img/items/30/4NnBKI2KHJddOe0dOzp5XLuKvdWj1yskeHWPPZ0R.jpg', 10, 30, '2021-05-11 07:55:11', '2021-05-11 07:55:11'),
(96, '3173324112630', '阿来麻辣小笼汤包8粒', 'Alai Spicy Xiaolong Soup Bao 8 pieces', 12.9, 0.232, 'https://management.newrainbowmarket.com/img/items/34/HODtlDuXcroTOqAeOvBb5aDEDapvCHl9oAArF4JY.jpg', 3, 34, '2021-05-11 07:26:21', '2021-05-11 07:26:21'),
(95, '9555646302205', '烧卖30粒', '30 siu mai', 16.5, 0, 'https://management.newrainbowmarket.com/img/items/29/DQPQvErmoYCF09ynafZrX6rp1d2ftSMUwDz4cVy5.jpg', 8, 29, '2021-05-11 07:23:47', '2021-05-14 21:51:32'),
(103, '6921168593569', '蜜桃乌龙茶 500ml', 'Peach Oolong Tea 500ml', 4.8, 0.5, 'https://management.newrainbowmarket.com/img/items/39/C1Qmvu3mRkHLejaZB8dUoHikhiBzywr5PtnPrcCW.jpg', 15, 39, '2021-05-11 07:30:41', '2021-05-11 07:30:41'),
(126, '9555646302182', '原味馒头20粒', '20 original steamed buns', 4.2, 0, 'https://management.newrainbowmarket.com/img/items/27/atIljbTe2DGDVC9VlWtCmoK63IINjBgsxI7Bsoa8.jpg', 10, 27, '2021-05-11 08:23:01', '2021-05-11 08:23:01'),
(250, '6956367338666', '王老吉凉茶500ml', 'Wanglaoji Herbal Tea 500ml', 3.9, 0.5, 'https://management.newrainbowmarket.com/img/items/44/NOLHiljyICQoY1zSk6frxgh6HGLcVVe15oUxyTpq.jpg', 12, 44, '2021-05-12 11:18:46', '2021-05-12 11:18:46'),
(249, '6955738100604', '王老吉吸吸龟苓膏258g', 'Wanglaoji Sucking Turtle Paste 258g', 4.3, 0.258, 'https://management.newrainbowmarket.com/img/items/45/hUtMyiNMF2kfyAeeHlXgwbYqmGGld7u1uypfcRjH.jpg', 12, 45, '2021-05-12 11:11:45', '2021-05-12 11:11:45'),
(244, '6971117601012', '原味', 'Original', 6.8, 0.28, 'https://management.newrainbowmarket.com/img/items/48/NTS8hYCSwxgWrmCsupKbmgPaADyrnhYllQVUzGBl.jpg', 20, 48, '2021-05-12 10:33:03', '2021-05-12 10:33:03'),
(240, '6907992500010', '原味味酸牛奶', 'Original flavor yogurt', 1.9, 0.25, 'https://management.newrainbowmarket.com/img/items/49/yMXzHNfgk9rnMGvA1vLiAxemcV3i0CImFZ6pH98s.jpg', 16, 49, '2021-05-12 10:10:54', '2021-05-12 10:10:54'),
(234, '6937350210060', '桶装92g', 'Cup92g', 5.5, 0, 'https://management.newrainbowmarket.com/img/items/54/bfvLqPqoavbL0kmlqlTQCPECmAeo2BdcOtEFlpac.jpg', 10, 54, '2021-05-12 09:08:14', '2021-05-12 09:08:14'),
(232, '6971070670476', '袋装180g', 'Pack180g', 6.5, 0.18, 'https://management.newrainbowmarket.com/img/items/56/ujHQEQuzBjsa0wnnQdWA3s7B6PleCaryctwxrcv9.jpg', 19, 56, '2021-05-12 08:53:59', '2021-05-12 08:53:59'),
(231, '6926410330879', '袋装102g', 'Pack102g', 3.8, 0.102, 'https://management.newrainbowmarket.com/img/items/57/h6HGPbUrLGmQH0U0WCmIayNuVyCv7jeU99ggnqWt.jpg', 20, 57, '2021-05-12 08:49:29', '2021-05-12 08:49:29'),
(228, '6971013105003', '桶装 102g', 'Cup 102g', 6.9, 0, 'https://management.newrainbowmarket.com/img/items/59/ARSJnCQYTEsMEqiZnAACTk4EszKYcT9KXW72AzBA.jpg', 10, 59, '2021-05-12 08:33:06', '2021-05-12 08:33:06'),
(227, '6926392500635', '自热锅 215g', 'Self-heating pot 215g', 14.5, 0.22, 'https://management.newrainbowmarket.com/img/items/60/iZM0vuVG93BGNaoatRsYVacAKY2jghfSz0bq1nns.jpg', 10, 60, '2021-05-12 08:28:16', '2021-05-12 08:28:16'),
(225, '6970006620622', '紫色包装300g', 'Purple packaging300g', 12.9, 0.3, 'https://management.newrainbowmarket.com/img/items/62/Jzf7Lf7MojN3VXfhksD0qF9kkcRHBZOfE7gusSrs.jpg', 8, 62, '2021-05-12 08:04:59', '2021-05-12 08:04:59'),
(221, '8809054401663', '香辣包280g', 'Spicy pack280g', 14.5, 0.2, 'https://management.newrainbowmarket.com/img/items/64/OvVHcLRBHq4gfB836COwNnLubDs7Q2N66oKGoldk.jpg', 15, 64, '2021-05-12 07:26:10', '2021-05-12 07:26:10'),
(219, '6926410321501', '桶装130g', 'Cup130g', 6.5, 0, 'https://management.newrainbowmarket.com/img/items/66/Bzx8bJAiwRxLDnMEdqkEoeaQcvDthkjTagV8SvmW.jpg', 10, 66, '2021-05-12 07:07:50', '2021-05-12 07:07:50'),
(218, '6939039630452', '羊肉卷500g', 'Lamb rolls 500g', 38, 0.5, NULL, 4, 67, '2021-05-12 07:01:07', '2021-05-12 07:01:07'),
(217, '6939039630445', '牛肉卷500g', 'Beef Roll 500g', 38, 0.5, NULL, 2, 68, '2021-05-12 06:56:52', '2021-05-12 06:56:52'),
(215, '6939039600117', '澳洲羊肉卷300g', 'Australian Lamb Roll 300g', 23.9, 0.3, 'https://management.newrainbowmarket.com/img/items/70/7t2GLrdJqhestOGU4iQkstDDdRHm1I4W20zDMZgU.jpg', 10, 70, '2021-05-12 06:52:00', '2021-05-12 06:52:00'),
(213, '6939039600124', '本地猪肉卷300g', 'Local pork roll 300g', 14.9, 0.3, 'https://management.newrainbowmarket.com/img/items/72/yX2Wtbph8qaMvMVuVrumE2E1cVBDuyrp0yrclNp1.jpg', 10, 72, '2021-05-12 06:35:57', '2021-05-12 06:35:57'),
(212, '6939039600537', '本地花肉片250g', 'Local sliced pork slices 250g', 14.5, 0.25, 'https://management.newrainbowmarket.com/img/items/73/yCopdwlg3IfLT2jLAIi6O2XcESYpX9ZKjgJ8QqoY.jpg', 5, 73, '2021-05-12 04:05:58', '2021-05-12 04:05:58'),
(210, '6939039600438', '冻豆腐300g', 'Frozen tofu 300g', 5.9, 0.3, 'https://management.newrainbowmarket.com/img/items/75/R2GCPOH0rrICa7y3gZNVWm7tU6fdWq4IsGCfkvpP.jpg', 8, 75, '2021-05-12 03:49:50', '2021-05-12 03:49:50'),
(206, '9551002815143', '上汤三鲜底料200g', 'Three fresh soup base ingredients 200g', 8.9, 0.2, 'https://management.newrainbowmarket.com/img/items/76/dsDbKEUelOljp2YYiH0alMTnCxdf3YvUPMTMOjm9.jpg', 7, 76, '2021-05-12 03:29:57', '2021-05-12 03:29:57'),
(204, '6970987733786', '酸奶桃桃麦片', 'Yogurt Peach Peach Cereal', 21.5, 0.33, 'https://management.newrainbowmarket.com/img/items/77/DcVD1wGGmZBUHDDJgECcwf92zULbAhDFbki5wfAr.jpg', 15, 77, '2021-05-11 23:16:57', '2021-05-11 23:16:57'),
(205, '6970987733793', '酸奶莓莓麦片', 'Yogurt Raspberry Cereal', 21.5, 0.33, 'https://management.newrainbowmarket.com/img/items/77/98ecTbpp8v5yafyGmY9tNJiSHHVv7XLFNS7JwcaF.jpg', 15, 77, '2021-05-11 23:16:57', '2021-05-11 23:16:57'),
(207, '9551002815068', '番茄底料200g', 'Tomato base material 200g', 8.9, 0.2, 'https://management.newrainbowmarket.com/img/items/76/Rlk17FvQ57EfXYqv8PPoMe5fdeLmVP83bKf9mCIg.jpg', 20, 76, '2021-05-12 03:29:57', '2021-05-12 03:29:57'),
(208, '9551002815013', '麻辣清油底料220g', 'Spicy Clear Oil Base 220g', 8.9, 0.22, 'https://management.newrainbowmarket.com/img/items/76/X2sKCz9kfavoopKyFwElfmGx3dkXzm4RLSjriPbw.jpg', 20, 76, '2021-05-12 03:29:57', '2021-05-12 03:29:57'),
(209, '9551002815020', '麻辣香锅调味料220g', 'Spicy Hot Pot Seasoning 220g', 8.9, 0.22, 'https://management.newrainbowmarket.com/img/items/76/mVKFDJ3qkxe505UHfMpPjRlHJtFdH7iF3XpJXLiN.jpg', 20, 76, '2021-05-12 03:29:57', '2021-05-12 03:29:57'),
(211, '6939039610512', '乌鸡肉片300g', 'Black-bone chicken fillet 300g', 23.9, 0.3, 'https://management.newrainbowmarket.com/img/items/74/wv3hqBQb5DrLkXzKpPIj8F0UBw2r2dVbM6ywB9n3.jpg', 10, 74, '2021-05-12 03:54:26', '2021-05-12 03:54:26'),
(214, '6939039600100', '澳洲牛肉卷300g', 'Australian beef roll 300g', 23.9, 0.3, 'https://management.newrainbowmarket.com/img/items/71/0ATTarQT6LX6mnj7hWWpmavi6kvHTdlZwMpRrNCm.jpg', 9, 71, '2021-05-12 06:44:28', '2021-05-12 06:44:28'),
(216, '6939039600469', '猪肉卷500g', 'Pork Roll 500g', 28, 0.5, NULL, 8, 69, '2021-05-12 06:54:54', '2021-05-12 06:54:54'),
(220, '6926410321044', '包装200g', 'Pack200g', 8.5, 0.2, 'https://management.newrainbowmarket.com/img/items/65/xYRptiqZjuKHhwXJKGmWVhqI7CCGWww5oCci1o6L.jpg', 9, 65, '2021-05-12 07:12:38', '2021-05-19 01:05:12'),
(222, '8809054409348', '奶酪包240g', 'Cheese pack240g', 14.5, 0.2, 'https://management.newrainbowmarket.com/img/items/64/pT5AjRevICRW2yswgrJjDB93JFMBA6a3npgSGjpu.jpg', 15, 64, '2021-05-12 07:26:10', '2021-05-12 07:26:10'),
(223, '8809054401519', '原味杯140g', 'Original Cup140g', 9.9, 0.14, 'https://management.newrainbowmarket.com/img/items/64/4KyCWgAFCu9AtiIFfBcnE0qXHD3J0iOkhGhLUjrP.jpg', 6, 64, '2021-05-12 07:26:10', '2021-05-12 07:26:10'),
(224, '6970006620608', '黄色包装 400g', 'Yellow packaging 400g', 13.8, 0.4, 'https://management.newrainbowmarket.com/img/items/63/CT56tM5cXK8Du5gcGeOkHO4dHlr6PSMVMJo34ygH.jpg', 15, 63, '2021-05-12 07:33:00', '2021-05-12 07:33:00'),
(226, '6951454404552', '桶装130g', 'Cup130g', 6.9, 0.13, 'https://management.newrainbowmarket.com/img/items/61/i0eHGnRBMXxfGLN8WBeroeKT3MsaiO9ggx0O2ca9.jpg', 20, 61, '2021-05-12 08:10:43', '2021-05-12 08:10:43'),
(229, '6971885310857', '香辣猪肉530g', 'Spicy pork530g', 15.5, 0.53, 'https://management.newrainbowmarket.com/img/items/58/HxtaF8ZeOE7bZcHGHyx1Ei4l0uW4fCnk7PNWrQ3j.jpg', 7, 58, '2021-05-12 08:41:30', '2021-05-19 01:05:12'),
(230, '6971885310864', '番茄猪骨520g', 'Tomato Pork Bone530g', 15.5, 0.52, 'https://management.newrainbowmarket.com/img/items/58/fSwh1fgajGqUeJnALT83ctn0JAPOpVtWNeaEjJP4.jpg', 8, 58, '2021-05-12 08:41:30', '2021-05-12 08:41:30'),
(233, '6926410320115', '包装105g', 'Pack105g', 3.8, 0.105, 'https://management.newrainbowmarket.com/img/items/55/S2Wbgx6ukuVSlEOXFMfQWY6PP6wrgKe72lg6ulvc.jpg', 15, 55, '2021-05-12 09:01:39', '2021-05-12 09:01:39'),
(235, '6937350210855', '桶装120g', 'Cup120g', 4.8, 0.12, 'https://management.newrainbowmarket.com/img/items/53/4mvkVcDatEGg94CZYOc43ONQEuX0NLTgnUGx5QOq.jpg', 15, 53, '2021-05-12 09:15:13', '2021-05-12 09:15:13'),
(236, '6937350210862', '包装120g', 'Pack120g', 3.6, 0.12, 'https://management.newrainbowmarket.com/img/items/53/6ZgCk6RDODFt2mvBP6baUnb5szOL47jeqZmyRer4.jpg', 20, 53, '2021-05-12 09:15:13', '2021-05-12 09:15:13'),
(237, '6937350207015', '包装115g', 'Pack115g', 3.6, 0.115, 'https://management.newrainbowmarket.com/img/items/52/289mX2yqZNBdDz8HSpE5MVtA48csCGOQVtApP5rd.jpg', 30, 52, '2021-05-12 09:24:30', '2021-05-12 09:24:30'),
(238, '6937350205127', '桶装115g', 'Cup115g', 4.6, 0.115, 'https://management.newrainbowmarket.com/img/items/52/SW0NUc5ur2wyyTb3saMMP2k2IvMlB90o0sdWW8MH.jpg', 5, 52, '2021-05-12 09:24:30', '2021-05-12 09:24:30'),
(239, '6938888881784', '香飘飘烤奶茶280ml', 'Xiang Piao Piao Roasted Milk Tea 280ml', 5.9, 0.28, 'https://management.newrainbowmarket.com/img/items/51/w3N1GgWbFr3cRf6EOaCBIeQR9Es0snYddyjhng2f.jpg', 15, 51, '2021-05-12 10:03:18', '2021-05-12 10:03:18'),
(241, '6907992100012', '草莓味酸牛奶', 'Strawberry Flavored Yogurt', 1.9, 0.25, 'https://management.newrainbowmarket.com/img/items/49/xd8VzuVgbdJxKdqMkbQtvxS7VgEm3LvFO6bII7sl.jpg', 19, 49, '2021-05-12 10:10:54', '2021-05-12 10:10:54'),
(242, '6907992512594', '哈密瓜味酸牛奶', 'Cantaloupe Flavored Yogurt', 1.9, 0.25, 'https://management.newrainbowmarket.com/img/items/49/zCz8orXU7C6kyuxMPcBinykmlh3OCIrfABMjVvAq.jpg', 14, 49, '2021-05-12 10:10:54', '2021-05-12 10:10:54'),
(243, '6907992502588', '蓝莓味酸牛奶', 'Blueberry Flavored Yogurt', 1.9, 0.25, 'https://management.newrainbowmarket.com/img/items/49/H8jdlgOBzlac7JvhugNtMEdZNtux7zMeNvDOGoTL.jpg', 14, 49, '2021-05-12 10:10:54', '2021-05-12 10:10:54'),
(245, '6971117600039', '草莓', 'Strawberry', 6.8, 0.28, 'https://management.newrainbowmarket.com/img/items/48/26kHFHeSQIM90UnyrJuVs4oeeIKoDk7vcSQrXY7G.jpg', 4, 48, '2021-05-12 10:33:03', '2021-05-12 10:33:03'),
(246, '6971117600046', '芒果', 'Mango', 6.8, 0.28, 'https://management.newrainbowmarket.com/img/items/48/vFJWUmMawdhLcesd7udJQIObnY43LiAjx6b1DEu2.jpg', 5, 48, '2021-05-12 10:33:03', '2021-05-12 10:33:03'),
(247, '6938713200827', '山楂陈皮 450ml', 'Hawthorn Tangerine Peel 450ml', 4.5, 0.45, 'https://management.newrainbowmarket.com/img/items/47/Lhkk0IyMNXCdltXh4VZiWkcXpcsv5pv9Rs0XSa53.jpg', 7, 47, '2021-05-12 11:01:24', '2021-05-12 11:01:24'),
(248, '6938713200803', '咸柑桔 450ml', 'Salted Citrus 450ml', 4.5, 0.45, 'https://management.newrainbowmarket.com/img/items/47/FHq4xoGsw5eExrrLXjmPLrkSUKpIHYftE3MU7c1E.jpg', 9, 47, '2021-05-12 11:01:24', '2021-05-12 11:01:24'),
(251, '6902083886417', '菠萝味 450ml', 'Pineapple 450ml', 4.5, 0.45, 'https://management.newrainbowmarket.com/img/items/43/OzLfCcf0HMikrF8tusSlSpRTp444qqZjqRcxvofq.jpg', 15, 43, '2021-05-12 11:30:54', '2021-05-12 11:30:54'),
(252, '6902083893842', '椰子味 450ml', 'Coconut flavor 450ml', 4.5, 0.45, 'https://management.newrainbowmarket.com/img/items/43/lTBiHbeovNv6mHzHe6m2KmW7cFv2gTSGYllpbV4H.jpg', 13, 43, '2021-05-12 11:30:54', '2021-05-12 11:30:54'),
(253, '6902083904685', '红枣味 450ml', 'Jujube flavor 450ml', 4.5, 0.45, 'https://management.newrainbowmarket.com/img/items/43/QK2TgAmLsuLW5xu0vlU6lw1QKqo0Ejnuo3H3rKgN.jpg', 15, 43, '2021-05-12 11:30:54', '2021-05-12 11:30:54'),
(254, '6902083897765', '草莓味 450ml', 'Strawberry flavor 450ml', 4.5, 0.45, 'https://management.newrainbowmarket.com/img/items/43/nasEdfelEljbb7WVJ4G8GL6irf01u0FJnTgBmBFx.jpg', 14, 43, '2021-05-12 11:30:54', '2021-05-12 11:30:54'),
(255, '6902083891329', '香草冰淇淋 450ml', 'Vanilla ice cream 450ml', 4.5, 0.45, 'https://management.newrainbowmarket.com/img/items/43/Vwxd4Rp0gCYhSPNvjCbTJq7yUbyUH2cde6naQvjS.jpg', 13, 43, '2021-05-12 11:30:54', '2021-05-12 11:30:54'),
(256, '6902083894245', '水蜜桃味 450ml', 'Peach flavor 450ml', 4.5, 0.45, 'https://management.newrainbowmarket.com/img/items/43/0q2A9GmU9lMbThXAbUSLt7Nx0f8umHTfSNQHG7dc.jpg', 7, 43, '2021-05-12 11:30:54', '2021-05-12 11:30:54'),
(257, '6902083904692', '香蕉味 450ml', 'Banana flavor 450ml', 4.5, 0.45, 'https://management.newrainbowmarket.com/img/items/43/iBtGofCn92sioyHXjTGxbLi8IIkX11lBRrACNKKz.jpg', 14, 43, '2021-05-12 11:30:54', '2021-05-12 11:30:54'),
(258, '4710873700148', '综合鲜果果汁 500ml', 'Comprehensive fresh fruit juice 500ml', 3.6, 0.5, 'https://management.newrainbowmarket.com/img/items/42/ytSDQgV5xcH93WJszXgBR7goYtB5KTQEju7S7EBA.jpg', 8, 42, '2021-05-12 11:39:58', '2021-05-12 11:39:58'),
(259, '4710873700162', '红甘蔗汁 500ml', 'Red sugarcane juice 500ml', 3.6, 0.5, 'https://management.newrainbowmarket.com/img/items/42/IIAAS7jcNcbE80cjdijxdHDGNdvEss5cgTfzDjHD.jpg', 19, 42, '2021-05-12 11:39:58', '2021-05-12 11:39:58'),
(260, '4710873700261', '荔枝果汁 500ml', 'Lychee Juice 500ml', 3.6, 0.5, 'https://management.newrainbowmarket.com/img/items/42/TeBNztMDxNbsiMinb9YNtEZVoxs6DJ8Z9R3OXW1y.jpg', 11, 42, '2021-05-12 11:39:58', '2021-05-12 11:39:58'),
(261, '4710873700254', '柳橙果汁 500ml', 'Orange juice 500ml', 3.6, 0.5, 'https://management.newrainbowmarket.com/img/items/42/T61whNQ9aYF91GLytHs9DoOcZKRjz08ijST9XQO0.jpg', 5, 42, '2021-05-12 11:39:58', '2021-05-12 11:39:58'),
(262, '4710873700292', '冬瓜果汁 500ml', 'Winter Melon Juice 500ml', 3.6, 0.5, 'https://management.newrainbowmarket.com/img/items/42/7yoRv13AOxzTW5U2aqjcABeyOmxuvM6crYWU079h.jpg', 4, 42, '2021-05-12 11:39:58', '2021-05-12 11:39:58'),
(263, '4710873700100', '木瓜牛乳 500ml', 'Papaya Milk 500ml', 4.5, 0.5, 'https://management.newrainbowmarket.com/img/items/41/lQ4ZVxKRHsX13hBPtxdMN1Fcq0guiUTnEendgIiT.jpg', 0, 41, '2021-05-12 11:46:25', '2021-05-12 11:46:25'),
(264, '4710873700247', '香蕉牛乳 500ml', 'Banana Milk 500ml', 4.5, 0.5, 'https://management.newrainbowmarket.com/img/items/41/FFI1OLIhl2LHGD7R0P6cJU0lZqWQFx42oUK05CEQ.jpg', 5, 41, '2021-05-12 11:46:25', '2021-05-12 11:46:25'),
(265, '4710873700285', '芒果牛乳 500ml', 'Mango Milk 500ml', 4.5, 0.5, 'https://management.newrainbowmarket.com/img/items/41/RZ2QTBj4TP4CpFOIktiEwaSneeocwezgC1TMlswl.jpg', 14, 41, '2021-05-12 11:46:25', '2021-05-12 11:46:25'),
(266, '4710873700278', '苹果牛乳 500ml', 'Apple milk 500ml', 4.5, 0.5, 'https://management.newrainbowmarket.com/img/items/41/CmsV875FPFxAZOvJJz5N58YTolbUKNurBDbDG9CD.jpg', 27, 41, '2021-05-12 11:46:25', '2021-05-12 11:46:25'),
(269, '9555646302090', '混合小笼包 9粒', 'Mixed Xiaolongbao 9pc', 6.2, 0, 'https://management.newrainbowmarket.com/img/items/25/X69RLsSB3w78rXWlyGedHujJbVncci6vwwjmPJym.jpg', 10, 25, '2021-05-13 03:13:26', '2021-05-13 03:13:26'),
(272, '9555646302274', '斑兰馒头20粒', '20 pandan buns', 5.1, 0, 'https://management.newrainbowmarket.com/img/items/28/yrOVZNCjMibhc1zAOHHMTSI2xsXkDlw9a52BxOgI.jpg', 10, 28, '2021-05-13 03:47:44', '2021-05-13 03:47:44'),
(273, '9555646302229', '咖椰麦片小笼包 9粒', 'Kaya Oatmeal Xiao Long Bao 9pc', 6.5, 0.5, 'https://management.newrainbowmarket.com/img/items/26/kqKJpSMUFaaGdYVpuSzV2oRX3TSkDjWK6nxCxaFe.jpg', 10, 26, '2021-05-13 03:49:28', '2021-05-13 03:49:28'),
(275, '9555646302021', '叉烧包4粒', '4 Barbecued Pork Buns', 7.8, 0, 'https://management.newrainbowmarket.com/img/items/21/27oak4W5vcd34Hdp8OtgpXNFM9t0LxciSORrjwLC.jpg', 10, 21, '2021-05-13 04:26:30', '2021-05-13 04:26:30'),
(277, '9555646302014', '大包2粒', 'Large packet of 2 capsules', 7.8, 0, 'https://management.newrainbowmarket.com/img/items/19/ooP4rnHGCpFpw16UCu4vZgmTukI1aqDYSrN53kNN.jpg', 10, 19, '2021-05-13 04:30:08', '2021-05-13 04:30:08'),
(279, '4897102151466', '巨峰葡萄', 'Kyoho Grape', 8.5, 0.35, 'https://management.newrainbowmarket.com/img/items/18/7d1BHCy3zz3BRNWZCs0IRyjElybeVgb6lhMVXoRE.jpg', 4, 18, '2021-05-13 05:59:17', '2021-05-13 05:59:17'),
(280, '4895235504098', 'KK法式马卡龙软糖', 'KK French Macaron Gummy', 8.2, 0.168, 'https://management.newrainbowmarket.com/img/items/17/YKGAgBnPvZwXUnFOnG0L5MJREPRUWQt8Tg9VUnm6.jpg', 8, 17, '2021-05-13 06:07:25', '2021-05-13 06:07:25'),
(281, '8853930001102', '茉莉花香糯米饼干', 'Jasmine Rice Cracker with Flossy', 6.9, 0.1, 'https://management.newrainbowmarket.com/img/items/16/W79ewIMdtRVyVDgHR8EhUknTfbr4xgveGfn9D0J7.jpg', 24, 16, '2021-05-13 07:52:47', '2021-05-19 01:05:12'),
(283, '6971462062957', '草莓味', 'Strawberry flavor', 11.5, 0.32, 'https://management.newrainbowmarket.com/img/items/14/HSZDXYxjZ3E4ikBpdhmaqP2oA6EhfzggZ0eOIA5D.jpg', 12, 14, '2021-05-13 08:06:17', '2021-05-13 08:06:17'),
(285, '6972636671111', '卤香味', 'Halogen fragrance flavour', 19.5, 0.2, 'https://management.newrainbowmarket.com/img/items/13/bRYjmktK0YRf72ElaLuFAs36o62cSio7NUjAw4MT.jpg', 8, 13, '2021-05-13 08:17:27', '2021-05-13 08:17:27'),
(286, '6972636670008', '椒麻味', 'Mala Chili flavour', 19.5, 0.2, 'https://management.newrainbowmarket.com/img/items/13/X7HGbkpDPepUIHEcy70uOQxuvwmdHioKea4R0Btj.jpg', 9, 13, '2021-05-13 08:17:27', '2021-05-13 08:17:27'),
(287, '4901360312818', '卢贝拉', 'Lubella', 7.5, 0, 'https://management.newrainbowmarket.com/img/items/12/oF5h4JPLuOcRZ8O0nsTVuh6JZ8NbsDMjSYrNvVI8.jpg', 8, 12, '2021-05-13 08:31:37', '2021-05-13 08:31:37'),
(288, '4901360335855', '罗曼多', 'Romando', 7.5, 0, 'https://management.newrainbowmarket.com/img/items/12/YocZAFMpTU6CFvtE5BCi9e71zP36qhUodfmzqX8L.jpg', 8, 12, '2021-05-13 08:31:37', '2021-05-13 08:31:37'),
(289, '4901360335862', '鲍姆·罗', 'Baum Roll', 7.5, 0, 'https://management.newrainbowmarket.com/img/items/12/2YjQeWBxN5hYB4v4PuFSkNegqbNO0dFO0q5bfGuc.jpg', 10, 12, '2021-05-13 08:31:37', '2021-05-13 08:31:37'),
(290, '6920413201808', '牛奶味', 'Milk flavor', 3, 0.05, 'https://management.newrainbowmarket.com/img/items/11/coPEWvpbHb3eJQ7Tx9ppTR1mBwEPp5pOIxKiK7cm.jpg', 100, 11, '2021-05-13 08:41:12', '2021-05-13 08:41:12'),
(291, '6920413201891', '巧克力味', 'Chocolate flavor', 3, 0.05, 'https://management.newrainbowmarket.com/img/items/11/vmoznukeIXfsDfG6JYYnJoDoGMFrfApQVHHchrx5.jpg', 80, 11, '2021-05-13 08:41:12', '2021-05-13 08:41:12'),
(293, '9557771207349', '咸蛋麦片260g', 'Oat Biscuit 260g', 7.9, 0.3, 'https://management.newrainbowmarket.com/img/items/10/DWA8WrD37EAbf5f4jcvll8kzZRembYzIBKLvm6AF.jpg', 6, 10, '2021-05-13 09:08:34', '2021-05-13 09:08:34'),
(294, '6953319699103', '麻辣莲藕', 'Spicy lotus root', 4.9, 0.088, 'https://management.newrainbowmarket.com/img/items/9/OwLsiO1OCSxQV2dfdkSwopMnoX0enrWt7e9rqQ0W.jpg', 6, 9, '2021-05-13 09:21:16', '2021-05-13 09:21:16'),
(295, '6953319699066', '麻辣毛豆', 'Spicy Edamame', 4.9, 0.088, 'https://management.newrainbowmarket.com/img/items/9/GgczE0wGG3oTpfXjkPyh81TVZza6MWCFjfheGjK9.jpg', 6, 9, '2021-05-13 09:21:16', '2021-05-13 09:21:16'),
(296, '6953319699110', '麻辣花生', 'Spicy peanuts', 4.9, 0.088, 'https://management.newrainbowmarket.com/img/items/9/c1HvpVFWDiFCEc7fRnHWp623vIywQ6llP1jIfc5W.jpg', 10, 9, '2021-05-13 09:21:16', '2021-05-13 09:21:16'),
(297, '6940188803724', '肉松蚕豆', 'Meat Floss Broad Bean', 4.5, 0.075, 'https://management.newrainbowmarket.com/img/items/7/p4LGrjada5UT662EO6byCzvqWT12v84FYNOe9qv6.jpg', 16, 7, '2021-05-13 09:40:56', '2021-05-13 09:40:56'),
(298, '6940188803595', '蟹黄蚕豆', 'Crab Roe broad beans', 4.5, 0.075, 'https://management.newrainbowmarket.com/img/items/7/B5U8WyBTlpcIWTlScOQ80qjdXxKW2wltVrF2kB4e.jpg', 7, 7, '2021-05-13 09:40:56', '2021-05-13 09:40:56'),
(299, '6940188805810', '烤肉虾条豆果', 'Barbecue Shrimp Crackers with Bean Fruit', 4.5, 0.075, 'https://management.newrainbowmarket.com/img/items/7/h8DP1PdVrDiA3dxyQmtOqtxh3s4QDDAm9vN5EL8M.jpg', 10, 7, '2021-05-13 09:40:56', '2021-05-13 09:40:56'),
(300, '6940188805827', '鲜虾虾条豆果', 'Shrimp Shrimp Crackers Bean Fruit', 4.5, 0.075, 'https://management.newrainbowmarket.com/img/items/7/gzYMaQ7ahDw1Bjw8XRrdpJHGkJBDQT5Bj4s8L0ZY.jpg', 5, 7, '2021-05-13 09:40:56', '2021-05-13 09:40:56'),
(301, '6940188803588', '原味青豌豆', 'Original green peas', 4.5, 0.075, 'https://management.newrainbowmarket.com/img/items/7/hoVsyd99ZxUI1I0vj5Qn1GOoNCxW3R3vldf9OK6M.jpg', 11, 7, '2021-05-13 09:40:56', '2021-05-13 09:40:56'),
(302, '6940188808552', '芥末青豌豆', 'Mustard green peas', 4.5, 0.075, 'https://management.newrainbowmarket.com/img/items/7/3qEQ7vA1OXiVz9pNJEOd5okgqr6BM2AXp5nWls1Z.jpg', 13, 7, '2021-05-13 09:40:56', '2021-05-13 09:40:56'),
(303, '6940188803618', '蟹黄瓜子仁', 'Crab Roe Seeds', 4.5, 0.075, 'https://management.newrainbowmarket.com/img/items/7/8eFVlsxMOVruN0mAQn9clLIQAPOIGBISZKCWNvXN.jpg', 20, 7, '2021-05-13 09:40:56', '2021-05-13 09:40:56'),
(304, '6940188805872', '台式卤肉兰花豆', 'Taiwanese Braised Pork Orchid Bean', 4.5, 0.075, 'https://management.newrainbowmarket.com/img/items/7/tYDXmYcdq3TpTqRlDu9lkpnHBwKO0096cHebMkyU.jpg', 9, 7, '2021-05-13 09:40:56', '2021-05-13 09:40:56'),
(305, '6924187851160', '焦糖味', 'Caramel flavor', 5.9, 0.108, 'https://management.newrainbowmarket.com/img/items/8/4ec4yI8ckTiSIXUKHCw5s1mq8AD637M7LprCEN8G.jpg', 6, 8, '2021-05-13 10:15:23', '2021-05-13 10:15:23'),
(306, '6924187862692', '海盐味', 'Sea salt flavor', 5.9, 0.108, 'https://management.newrainbowmarket.com/img/items/8/rCPrA4zofHngRkpjJgMpIV1Z1C7j7PwkudDC5is9.jpg', 8, 8, '2021-05-13 10:15:23', '2021-05-13 10:15:23'),
(307, '6924187851184', '核桃味', 'Walnut flavor', 5.9, 0.108, 'https://management.newrainbowmarket.com/img/items/8/xneJDileiL0si70sHETwjjJCVKtKX99lbpOLr2sp.jpg', 11, 8, '2021-05-13 10:15:23', '2021-05-13 10:15:23'),
(308, '6924187870192', '芝士味', 'Cheese Sunflower', 5.9, 0.11, 'https://management.newrainbowmarket.com/img/items/8/ZBsT4WmDH1xZ6nyg2Vzqb1ipjlS6C9amOSl3xW9U.jpg', 0, 8, '2021-05-13 10:15:23', '2021-05-13 10:15:23'),
(309, '6924187858138', '蜂蜜黄油味', 'Honey Butter Sunflower', 5.9, 0.11, 'https://management.newrainbowmarket.com/img/items/8/YWJ40DhSh2nKSLZnr3t7vD0KstiyJmmDTdqHRveE.jpg', 0, 8, '2021-05-13 10:15:23', '2021-05-13 10:15:23'),
(310, '6924187863873', '番茄味', 'Tomato flavor', 5.5, 0.075, 'https://management.newrainbowmarket.com/img/items/6/sr9zeVCUbJOLCD73Ty0w5VmloE4LKeshjHU8vD1r.jpg', 3, 6, '2021-05-13 10:26:28', '2021-05-19 01:05:12'),
(311, '6924187863903', '葱香味', 'Scallion fragrance', 5.5, 0.075, 'https://management.newrainbowmarket.com/img/items/6/mTN64gx2C8QFJrwL3KXbtBzjeCVXlBXV0520MEmp.jpg', 8, 6, '2021-05-13 10:26:28', '2021-05-19 01:05:12'),
(313, '6920912360433', '真情原味 63g', 'Original Flavor 63g', 3.5, 0.06, 'https://management.newrainbowmarket.com/img/items/5/FKWCJPJmiamfpAmrXAVazf9SzRZ1HsCoBoKbnAZm.jpg', 10, 5, '2021-05-13 10:36:42', '2021-05-13 10:36:42'),
(316, '6924743919211', '经典原味', 'Classic original flavor', 5.8, 0.07, 'https://management.newrainbowmarket.com/img/items/3/cyasKgcHn14pZgh045i9q9PWw0HHD7uAZ1vB8VIW.jpg', 9, 3, '2021-05-13 10:52:40', '2021-05-13 10:52:40'),
(317, '6924743919242', '墨西哥番茄味', 'Mexican tomato flavor', 5.8, 0.07, 'https://management.newrainbowmarket.com/img/items/3/3MxZ0Q4h8Wx7cHo6ZJlZneYNdKiwSOjAkPXZsZOu.jpg', 8, 3, '2021-05-13 10:52:40', '2021-05-13 10:52:40'),
(319, '6921294389463', '冰糖雪梨', 'Rock Sugar Sydney', 3.2, 0.5, 'https://management.newrainbowmarket.com/img/items/40/hFgERngVB9tU1N63uwOV7CMkR7AX4SHtnyapPJLk.jpg', 6, 40, '2021-05-13 11:37:01', '2021-05-13 11:37:01'),
(320, '6921294305012', '冰红茶', 'Iced red tea', 3.2, 0.5, 'https://management.newrainbowmarket.com/img/items/40/4wjamqJkxBX1D5iJICFMAJXhifArNTU8tY2EidN2.jpg', 13, 40, '2021-05-13 11:37:01', '2021-05-13 11:37:01'),
(321, '6920459905166', '绿茶', 'Green tea', 3.2, 0.5, 'https://management.newrainbowmarket.com/img/items/40/SSTn438fyMkX6x5KVbzyDdzpKWy1cbGplk5H6t0d.jpg', 7, 40, '2021-05-13 11:37:02', '2021-05-13 11:37:02'),
(322, '6921294305104', '水蜜桃', 'Peach', 3.2, 0.5, 'https://management.newrainbowmarket.com/img/items/40/4arDKJqOd4D9xFSACrYElIFEM8a53bPjUqxqlswB.jpg', 12, 40, '2021-05-13 11:37:02', '2021-05-13 11:37:02'),
(323, '6921294344349', '茉莉柚子茶', 'Jasmine grapefruit tea', 3.2, 0.5, 'https://management.newrainbowmarket.com/img/items/40/2j7zn4WwJuj5pwiAL9MyxAHJ7gXZiQk5t6DhiLXd.jpg', 21, 40, '2021-05-13 11:37:02', '2021-05-13 11:37:02'),
(324, '6921294347395', '热带水果红茶', 'Tropical fruit black tea', 3.2, 0.5, 'https://management.newrainbowmarket.com/img/items/40/CRWsC0BceqpZ5Rdg1viqH0A64Tttz3nDLuVTKdkF.jpg', 12, 40, '2021-05-13 11:37:02', '2021-05-13 11:37:02'),
(325, '6921294351033', '芒果小酪', 'Mango Cheese', 3.2, 0.5, 'https://management.newrainbowmarket.com/img/items/40/yD7GL7yDzc5dTIHC1mT9ZddxGzIkxPoQZt1RDDzF.jpg', 12, 40, '2021-05-13 11:37:02', '2021-05-13 11:37:02'),
(326, '6921317957631', '蜂蜜柚子', 'Honey grapefruit', 3.2, 0.5, 'https://management.newrainbowmarket.com/img/items/40/mL6BLgXvFQ0FjDnd0myA9xkz6oItMC4bE0f0XfPM.jpg', 0, 40, '2021-05-13 11:37:02', '2021-05-13 11:37:02'),
(327, '6921294347463', '蜜桃小酪', 'Peach Cheese', 3.2, 0.5, 'https://management.newrainbowmarket.com/img/items/40/tEb2qShe07C1ervJi2yD6HiXMFhSjTzJKAmG1CSR.jpg', 0, 40, '2021-05-13 11:37:02', '2021-05-13 11:37:02'),
(328, '6921294357653', '竹蔗马蹄', 'Bamboo cane horseshoe', 3.2, 0.5, 'https://management.newrainbowmarket.com/img/items/40/wsIZfUemZ6EZ0HmGT0qBLqws2tZgFA5oiZ98FCol.jpg', 12, 40, '2021-05-13 11:37:02', '2021-05-13 11:37:02'),
(329, '6921294354157', '冰红茶青苹果', 'Iced red tea green apple', 3.2, 0.5, 'https://management.newrainbowmarket.com/img/items/40/XjWNXKQwm91jriIXl2nkwTuNbKQt3JvuJdLFc5vM.jpg', 13, 40, '2021-05-13 11:37:02', '2021-05-13 11:37:02'),
(330, '6902538007367', '海盐青芒', 'Haiyan Qingmang', 4.3, 0.6, 'https://management.newrainbowmarket.com/img/items/50/AcmDrZuM1fUYzwawaquDTKgvi7A6Pr7VwWjdIneh.jpg', 14, 50, '2021-05-13 11:57:11', '2021-05-13 11:57:11'),
(331, '6902538005141', '水蜜桃', 'Peach', 4.3, 0.6, 'https://management.newrainbowmarket.com/img/items/50/4YyoLQnH9U47QxM6akHZ2Zlfyg76rCe0mYwZcX4m.jpg', 17, 50, '2021-05-13 11:57:11', '2021-05-13 11:57:11'),
(332, '6902538004045', '青柠', 'Lime', 4.3, 0.5, 'https://management.newrainbowmarket.com/img/items/50/tsLBzTBKuXawLoG3SJatAlQ1nVKYWCZFNgVP0lWq.jpg', 0, 50, '2021-05-13 11:57:11', '2021-05-13 11:57:11'),
(333, '6902538007886', '仙人掌青橘', 'Cactus green orange', 4.3, 0.5, 'https://management.newrainbowmarket.com/img/items/50/HsDuzMRoh0KOzJhDP33fecwVwsfoV9anXyu3lgTa.jpg', 0, 50, '2021-05-13 11:57:11', '2021-05-13 11:57:11'),
(334, '6925009919631', '柠檬+水蜜桃 500ml', 'Lemon+Peach 500ml', 3.9, 0.5, 'https://management.newrainbowmarket.com/img/items/78/ubvXFfd5LZfrs5gi0PEn8GYqwPrZwIYDf24epcEk.jpg', 0, 78, '2021-05-13 12:11:13', '2021-05-13 12:11:13'),
(335, '6925009911406', '蜂蜜柚子茶 500ml', 'Honey Citron Tea 500ml', 3.9, 0.5, 'https://management.newrainbowmarket.com/img/items/79/4XtIpEOD2VSyfyOtusMueE1W5C76xEDq4nrmbHTR.jpg', 0, 79, '2021-05-13 12:15:00', '2021-05-13 12:15:00'),
(336, '6907992512570', '原味 205g', 'original 205g', 4.5, 0.205, 'https://management.newrainbowmarket.com/img/items/80/FI2VIFg4idcY4aDFhFU9xlvMpL3ioKbpu5Uct9ON.jpg', 40, 80, '2021-05-13 12:56:55', '2021-05-13 12:56:55'),
(337, '6907992512853', '蓝莓 205g', 'blueberry 205g', 4.5, 0.205, 'https://management.newrainbowmarket.com/img/items/80/YlG4aMCYrIXzODyHcFgIwbszR1kFipNVFkfPMgHB.jpg', 40, 80, '2021-05-13 12:56:55', '2021-05-13 12:56:55'),
(338, '6907992513959', '草莓205g', 'strawberry 205g', 4.5, 0.205, 'https://management.newrainbowmarket.com/img/items/80/GH95Wrn5VhNrUC8dDwTlCHoFHMqKDsD9110kaIRp.jpg', 12, 80, '2021-05-13 12:56:55', '2021-05-13 12:56:55'),
(339, '6907992513553', '香草 205g', 'vanilla 205g', 4.5, 0.205, 'https://management.newrainbowmarket.com/img/items/80/1cdNw2xnIn0P31ZEbpqMQRp4nTsvPUk3FoehECYC.jpg', 0, 80, '2021-05-13 12:56:55', '2021-05-13 12:56:55'),
(340, '6907992516059', '咖啡 205g', 'coffee 205g', 4.5, 0.205, 'https://management.newrainbowmarket.com/img/items/80/ZjyEYV4paA8oH6xRK563kfjAnjTVy34uld5foMjr.jpg', 0, 80, '2021-05-13 12:56:55', '2021-05-13 12:56:55'),
(341, '6907992518244', 'AMX 无蔗糖 205g', 'AMX 205g', 4.5, 0.205, 'https://management.newrainbowmarket.com/img/items/80/yoN9Z2fKvGNjqu6OSurJ9WI6NjADUKx1KRV1TaBs.jpg', 0, 80, '2021-05-13 12:56:55', '2021-05-13 12:56:55'),
(342, '6907992513645', '高端原味  230g', 'Original 230g', 6.3, 0.23, 'https://management.newrainbowmarket.com/img/items/81/MPV36UoFAzjE8IY45ahqvpq4DokNypZsESzPDGrL.jpg', 20, 81, '2021-05-13 13:23:57', '2021-05-13 13:23:57'),
(343, '6907992514147', '芒果百香果  230g', 'Mango Passionfruit 230g', 6.3, 0.23, 'https://management.newrainbowmarket.com/img/items/81/nnalAnj8bVbXW0LAASqRC3ifENI14remoEqpEoZJ.jpg', 24, 81, '2021-05-13 13:23:57', '2021-05-13 13:23:57'),
(344, '6907992515243', '凤梨橘子  230g', 'Pineapple Orange 230g', 6.3, 0.23, 'https://management.newrainbowmarket.com/img/items/81/c2Vl6T5JnIjiFofkR9winaRhNyjG6fAUFsrz095y.jpg', 0, 81, '2021-05-13 13:23:57', '2021-05-13 13:23:57'),
(345, '6907992515335', '猕猴桃青葡萄 230g', 'Kiwi Grape 230g', 6.3, 0.23, 'https://management.newrainbowmarket.com/img/items/81/t4S2E3M0COAuuIy1HICxkbddijwsBdXigLVwlKN5.jpg', 0, 81, '2021-05-13 13:23:57', '2021-05-13 13:23:57'),
(346, '6926475203392', '蜜桔果肉 200g', 'Tangerine 200g', 4.5, 0.2, 'https://management.newrainbowmarket.com/img/items/82/5e1C17AfEjHboZSJbO0HWZhLw8pGVBRbP962NMJm.jpg', 14, 82, '2021-05-13 13:43:40', '2021-05-13 13:43:40'),
(347, '6926475201008', '黄桃蜜桃 200g', 'Peach 200g', 4.5, 0.2, 'https://management.newrainbowmarket.com/img/items/82/i00sJxkQ4xkPqAMQa8QrbXNZLfnOmfTVtSXVIQqc.jpg', 14, 82, '2021-05-13 13:43:40', '2021-05-13 13:43:40'),
(348, '6926475200995', '葡萄苹果 200g', 'Grape Apple 200g', 4.5, 0.2, 'https://management.newrainbowmarket.com/img/items/82/awWSBmyaxRugsk5jN1REPwL4l6Hz6lkJnpJY8ujM.jpg', 0, 82, '2021-05-13 13:43:40', '2021-05-13 13:43:40'),
(349, '4711931008107', '草莓 216g', 'Strawberry 216g', 9.9, 0.21, 'https://management.newrainbowmarket.com/img/items/83/aJAWhGiXFATVLO8YarkBjRcbacmTotXgwzsxtpwJ.jpg', 8, 83, '2021-05-13 14:00:51', '2021-05-13 14:00:51'),
(350, '4711931008114', '哈密瓜 216g', 'Melon 216g', 9.9, 0.21, 'https://management.newrainbowmarket.com/img/items/83/kujCmZPPVmaCrnLHiIBEMWBzZQAXpEnpQdZ2B2Y7.jpg', 0, 83, '2021-05-13 14:00:51', '2021-05-13 14:00:51'),
(351, '4711931008121', '芒果 216g', 'Mango 216g', 9.9, 0.21, 'https://management.newrainbowmarket.com/img/items/83/5BGUjYp7YJp7OWqWlR60tTTeGvNLhFoJSbBku7VK.jpg', 4, 83, '2021-05-13 14:00:51', '2021-05-13 14:00:51'),
(352, '9557240160502', '北海翅 500g', 'Crab Flavoured Nugget 500g', 7.5, 0.5, 'https://management.newrainbowmarket.com/img/items/84/DMXlKx6sqCzXEs4AHr8c3EqRXST55CzreJ5i58n1.jpg', 10, 84, '2021-05-13 21:18:19', '2021-05-13 21:18:19'),
(353, '9557240137504', '蟹柳卷', 'Oborotsuki', 9.9, 0.5, 'https://management.newrainbowmarket.com/img/items/85/p8cjTz88dUUzQh4ZUP21ERjkmG2r7KpG19mW2U0a.jpg', 10, 85, '2021-05-13 21:28:34', '2021-05-13 21:28:34'),
(354, '9557240132509', '海鲜豆 500g', 'Seafood Tofu 500g', 9.5, 0.5, 'https://management.newrainbowmarket.com/img/items/86/XcRVi7EZvnOHFVDEORhc5E6ZaRYJeZDUpVYqsBgm.jpg', 10, 86, '2021-05-13 22:00:06', '2021-05-13 22:00:06'),
(355, '9557240127505', '竹轮 500g', 'Mini Chikuwa 500g', 8.5, 0.5, 'https://management.newrainbowmarket.com/img/items/87/DMPA8zST0zFuH5S8YAB0gRTkByKTYr9H26BbSNyQ.jpg', 5, 87, '2021-05-13 22:08:41', '2021-05-13 22:08:41'),
(356, '9557240115502', '鲜蟹柳 500g', 'Imitation Crab Stick 500g', 7.5, 0.5, 'https://management.newrainbowmarket.com/img/items/88/F9kdcQfsuVZBKw9SEz2JbdO6tdv1L0qZijPGwr2x.jpg', 5, 88, '2021-05-13 22:51:03', '2021-05-13 22:51:03'),
(357, '9557240011309', '金包银 300g', 'Fish & Soy 300g', 4.8, 0.5, 'https://management.newrainbowmarket.com/img/items/89/BEvLNApX0xHiV29LXGBx0oEaFtpjNdteKjjpU6ni.jpg', 5, 89, '2021-05-13 22:55:53', '2021-05-13 22:55:53'),
(358, '9557240147503', '小白丸 (s)', 'White Fish Ball (s)', 6.5, 0.5, 'https://management.newrainbowmarket.com/img/items/90/sW7JDqLPuvb8BUzUieXMIjV0YHAJaplLCTdFkTY4.jpg', 5, 90, '2021-05-13 23:11:30', '2021-05-13 23:11:30'),
(359, '1620734374442', '猪肉丸 350g', 'Pork Balls 350g', 7.2, 0.35, 'https://management.newrainbowmarket.com/img/items/91/czRVqxLNew76VuL2p48jMTBy3tedUkeamjAaBGJX.jpg', 5, 91, '2021-05-14 01:22:14', '2021-05-14 01:22:14'),
(360, '1620734323681', '猪肉丸 175g', 'Pork Balls 175g', 4, 0.175, 'https://management.newrainbowmarket.com/img/items/92/jAYm3ELWPOgHCuJ8OU1oW1Iw9KfCBgJJattNeMY3.jpg', 5, 92, '2021-05-14 01:24:56', '2021-05-14 01:24:56'),
(361, '6921804701327', '干煸肉丝油辣椒210g', 'MINCED MEAT CHILI OIL 210g', 7.5, 0.21, 'https://management.newrainbowmarket.com/img/items/93/yHPQL8HCoTgDullRhSWjoIYw1khPUR9IWKF11oOY.jpg', 10, 93, '2021-05-14 07:52:04', '2021-05-14 07:52:04'),
(362, '6921804700849', '香辣酱210g', 'Spicy sauce 210g', 7.5, 0.21, 'https://management.newrainbowmarket.com/img/items/93/YMbDFo7eEVkk02ePuANoXwau9MV2VEv11quBkN70.jpg', 4, 93, '2021-05-14 07:52:04', '2021-05-14 07:52:04'),
(363, '6921804700795', '风味鸡油辣椒', 'CHICKEN CHILI OIL', 7.9, 0.2, 'https://management.newrainbowmarket.com/img/items/93/FgAqtNYpa6yTLxKMr8hVZGQuiER9MRRY3njqOiC0.jpg', 20, 93, '2021-05-14 07:52:04', '2021-05-14 07:52:04'),
(364, '6921804700788', '辣三丁油辣椒280g', 'CHILI SAUCE WITH PEANUT TURNIP AND SOYBEAN CURD', 7.9, 0.28, 'https://management.newrainbowmarket.com/img/items/93/EfrsK7ZeE2CIVrbVFpOGz2Pv1bw67r6LNj2GFL5I.jpg', 18, 93, '2021-05-14 07:52:04', '2021-05-14 07:52:04'),
(365, '6921804700771', '肉丝豆豉油辣椒 280g', 'Pork with Bean Sauce and Chili 280g', 8.9, 0.28, 'https://management.newrainbowmarket.com/img/items/93/cfE6wjvLuvA19fHEAs0oymQbe28Ca49LZzbOSoV7.jpg', 10, 93, '2021-05-14 07:52:04', '2021-05-14 07:52:04'),
(366, '6921804700764', '陶花碧 油辣椒 275g', 'CHILI OIL 275g', 8, 0.28, 'https://management.newrainbowmarket.com/img/items/93/HhtvwpTCO1F7TKJdmwVUjalw9SJ7jZf1j0t3LqXe.jpg', 0, 93, '2021-05-14 07:52:04', '2021-05-14 07:52:04'),
(367, '6921804700757', '风味豆豉油制辣椒 280g', 'Blackbean with Chili Oil 280g', 7.9, 0.28, 'https://management.newrainbowmarket.com/img/items/93/fj1zYGi9pfP7OmCXIa2O2ZS8Iyy3zWYVR3iIY64j.jpg', 0, 93, '2021-05-14 07:52:04', '2021-05-14 07:52:04'),
(368, '6921804700559', '干煸肉丝油辣椒 260g', 'MINCED MEAT CHILI OIL 260g', 7.9, 0.26, 'https://management.newrainbowmarket.com/img/items/93/tdTSFfPTpjnpjaCvu7DvOzqntMFK8bnXMaG16b2M.jpg', 0, 93, '2021-05-14 07:52:04', '2021-05-14 07:52:04'),
(369, '6921804700269', '香辣脆油辣椒 210g', 'CHILI SAUCE WITH CRISPY SOYBEAN 210g', 7.2, 0.21, 'https://management.newrainbowmarket.com/img/items/93/1C1cqm4qF2h0sjeupNlll60nzAnvy0cFbkGDPIcp.jpg', 0, 93, '2021-05-14 07:52:04', '2021-05-14 07:52:04'),
(370, '6921804700184', '红油腐乳260g', 'Ferm.BeanCurd 260g', 7.8, 0.26, 'https://management.newrainbowmarket.com/img/items/93/1E0lFtoTUtd8WYcztZINvpkQuOUlDKfdAWNWfGPz.jpg', 11, 93, '2021-05-14 07:52:04', '2021-05-14 07:52:04'),
(371, '6921804700702', '老干妈香辣菜 60g', 'Chili Cabbage 60g', 1.6, 0.06, 'https://management.newrainbowmarket.com/img/items/93/9qyOReJSlGSN1RZ4Pca8FHfwrydNaeUytcBzeK6l.jpg', 12, 93, '2021-05-14 07:52:04', '2021-05-14 07:52:04'),
(372, '6921804700658', '老干妈香辣菜188g', 'Chili Cabbage 188g', 5.8, 0.2, 'https://management.newrainbowmarket.com/img/items/93/MpxXttDvthNpgnrvfRzWT5Xrko7K9OgS0AUzkxaU.jpg', 13, 93, '2021-05-14 07:52:04', '2021-05-14 07:52:04'),
(373, '8801111186247', '白巧克力 142g', 'White Choco 142g', 9.9, 0.142, 'https://management.newrainbowmarket.com/img/items/94/OthmVtTnV3PL2Fi1OJl2VskUwVzUQzg2sPchjWeY.jpg', 10, 94, '2021-05-14 09:16:56', '2021-05-14 09:16:56'),
(374, '8801111186216', '巧克力 142g', 'Choco Hazelnut 142g', 9.9, 0.142, 'https://management.newrainbowmarket.com/img/items/94/XmEbKuoN6WswW8CNAozSWrDDTrKtVbylo8ycogjo.jpg', 10, 94, '2021-05-14 09:16:56', '2021-05-14 09:16:56'),
(375, '6921168559244', '青皮桔味 445ml', 'Calamansi 445ml', 4.8, 0.445, 'https://management.newrainbowmarket.com/img/items/95/vsKvABkco6TEyiG29T41iQRdbzE9Wk9cejJGgXUK.jpg', 6, 95, '2021-05-14 09:56:16', '2021-05-14 09:56:16'),
(376, '6921168500970', '西柚汁 445ml', 'Grapefruit 445ml', 4.8, 0.445, 'https://management.newrainbowmarket.com/img/items/95/p8yGyey5WERGTe75ibwkBdESqWPk0ElNwVPxUYv2.jpg', 6, 95, '2021-05-14 09:56:16', '2021-05-14 09:56:16'),
(377, '6921168500956', '柠檬味 445ml', 'Lemon 445ml', 4.8, 0.445, 'https://management.newrainbowmarket.com/img/items/95/1ElJB7clLcVi96ToQekQ8nRiTb7HCyBs0ZlmgO70.jpg', 7, 95, '2021-05-14 09:56:16', '2021-05-14 09:56:16'),
(378, '6907992900162', '奶茶 400ml', 'Milk Tea 400ml', 8.5, 0.4, 'https://management.newrainbowmarket.com/img/items/96/fXMZ26SCe8MlAU8Qhc1ou2MDXCGqNz1wWXPkH5k4.jpg', 9, 96, '2021-05-14 10:03:35', '2021-05-14 10:03:35'),
(379, '6941704418927', '原味 300ml', 'Original 300ml', 4.8, 0.3, 'https://management.newrainbowmarket.com/img/items/97/nIUILTZUXdBVlVavs5umoDVzrPOZyrB8xMf4RH0S.jpg', 0, 97, '2021-05-14 10:26:21', '2021-05-14 10:26:21'),
(380, '6941704404500', '蓝莓 300ml', 'blueberry 300ml', 4.8, 0.3, 'https://management.newrainbowmarket.com/img/items/97/EssTdx6j3AY14DClqyvUnXJcwWIFGM56Y7ey1ayY.jpg', 8, 97, '2021-05-14 10:26:21', '2021-05-14 10:26:21'),
(381, '6941704404487', '草莓 300ml', 'Strawberry 300ml', 4.8, 0.3, 'https://management.newrainbowmarket.com/img/items/97/0zfI5gAGz7v0bINNYp5jFiXrqFHodJkUmnY0CEVH.jpg', 12, 97, '2021-05-14 10:26:21', '2021-05-14 10:26:21'),
(382, '6941704408478', '香蕉 300ml', 'banana 300ml', 5.5, 0.3, 'https://management.newrainbowmarket.com/img/items/97/xcog705nbauAvhaKBMm52LTBNVTB6jbOghxHECBV.jpg', 9, 97, '2021-05-14 10:26:21', '2021-05-14 10:26:21'),
(383, '6926410320023', '桶装 108g', 'Cup 108g', 5.8, 0.108, 'https://management.newrainbowmarket.com/img/items/98/idsdGOXMk4VqXoeRzQjIL3Qwsifj9EpPd7hzr6t7.jpg', 10, 98, '2021-05-14 10:57:49', '2021-05-14 10:57:49'),
(384, '6926410330954', '桶装 105g', 'Cup 105g', 4.8, 0.105, 'https://management.newrainbowmarket.com/img/items/99/EE0aaPaFL4QZVQF3nDhbcvWAlXmDx7jTPA7P2x6n.jpg', 9, 99, '2021-05-14 11:16:13', '2021-05-14 11:16:13'),
(385, '6900873713936', '桶装 114g', 'Cup 114g', 4.9, 0.114, 'https://management.newrainbowmarket.com/img/items/100/omhY9VWQIO4vXneGKm4AIQrQo90Bo1f3q6klo7Ow.jpg', 8, 100, '2021-05-14 11:31:39', '2021-05-14 11:31:39'),
(386, '6939829112783', '桶装 128g', 'Cup 128g', 5.5, 0.128, 'https://management.newrainbowmarket.com/img/items/101/7lvenpD9bxbTrOuFZIed4sYr8z4TmsKVL3aEXMp2.jpg', 12, 101, '2021-05-14 11:47:54', '2021-05-14 11:47:54'),
(388, '9555538501020', '原味 200g', 'Original 200g', 6.2, 0.2, 'https://management.newrainbowmarket.com/img/items/103/rs8pipV9JR3iT90zHTvYNNwJwbST6hBu9KEkKDFu.jpg', 5, 103, '2021-05-14 21:09:37', '2021-05-14 21:51:32'),
(389, '9555538501235', '麻辣200g', 'Mala 200g', 7.2, 0.2, 'https://management.newrainbowmarket.com/img/items/103/2Tdwh2dDjyjIsw1mkHHXCHzTO2HRbohjCuYNJ8Bp.jpg', 5, 103, '2021-05-14 21:09:37', '2021-05-14 21:09:37'),
(390, '2105151912573', '原味 160g', 'Original 160g', 9.5, 0.16, NULL, 5, 104, '2021-05-15 05:15:11', '2021-05-15 05:15:11'),
(391, '0', '黑胡椒 160g', 'Black pepper 160g', 9.5, 0.16, NULL, 0, 104, '2021-05-15 05:15:11', '2021-05-15 05:15:11'),
(392, '2105151910517', '韩式酱汁 160g', 'Korean sauce 160g', 9.5, 0.16, NULL, 5, 104, '2021-05-15 05:15:11', '2021-05-15 05:15:11'),
(393, '2105151914515', '日本烧汁 160g', 'Teriyaki 160g', 9.5, 0.16, NULL, 5, 104, '2021-05-15 05:15:11', '2021-05-15 05:15:11'),
(394, '9555894505281', '450g', '450g', 12.2, 0.45, 'https://management.newrainbowmarket.com/img/items/105/lQX6OvdFIStJ5mg4QrdiXWSisrufoH8tyEGDgyis.jpg', 5, 105, '2021-05-15 09:36:07', '2021-05-15 09:36:07'),
(395, '9555894503799', '160g', '160g', 11.5, 0.16, 'https://management.newrainbowmarket.com/img/items/106/grtdQ86wvUpjRds4uRJ5abWXRGHGFcoyLP23gvfe.jpg', 5, 106, '2021-05-15 09:44:00', '2021-05-15 09:44:00'),
(396, '9555894503508', '130g', '130g', 10.9, 0.13, 'https://management.newrainbowmarket.com/img/items/107/oSsWPNyEApdmmnjKgdAzlghPrbhuAcrJmn1HUjS2.jpg', 5, 107, '2021-05-15 09:51:51', '2021-05-15 09:51:51'),
(397, '9555894503485', '380g', '380g', 10.5, 0.38, 'https://management.newrainbowmarket.com/img/items/108/fiSFTb4wYWj9FQv7efyci7hBvcrL6bSPlw2ewRJu.jpg', 5, 108, '2021-05-15 09:57:45', '2021-05-15 09:57:45'),
(398, '9555894500606', '500g', '500g', 11.7, 0.5, 'https://management.newrainbowmarket.com/img/items/109/B3xwdefl8PuvENwXCS5frtXa7XgFSazcbra2Bwa3.jpg', 5, 109, '2021-05-15 10:03:00', '2021-05-15 10:03:00');
INSERT INTO `variations` (`id`, `barcode`, `name`, `name_en`, `price`, `weight`, `image`, `stock`, `item_id`, `created_at`, `updated_at`) VALUES
(399, '9555894500484', '500g', '500g', 9.2, 0.5, 'https://management.newrainbowmarket.com/img/items/110/2tJeVlKZofGz4oCLnCVxjW5zgdw8PDHHXQ7j8ibM.jpg', 5, 110, '2021-05-15 10:14:09', '2021-05-15 10:14:09'),
(400, '9555573001387', '500g', '500g', 10.7, 0.5, 'https://management.newrainbowmarket.com/img/items/111/dQKKCFYucOEMn2zPBbGDoErikuEVUY6nBknVrEsi.jpg', 5, 111, '2021-05-15 10:29:32', '2021-05-15 10:29:32'),
(401, '9555573001349', '500g', '500g', 11.2, 0.5, 'https://management.newrainbowmarket.com/img/items/112/gOuwE6nlls8xE1QxxMwAgn5RIJEwnmuVjhOaGvfZ.jpg', 5, 112, '2021-05-15 10:49:41', '2021-05-15 10:49:41'),
(402, '9555573001332', '500g', '500g', 11.2, 0.5, NULL, 5, 113, '2021-05-15 10:57:27', '2021-05-15 10:57:27'),
(403, '8801123600328', '340g', '340g', 10.9, 0.34, 'https://management.newrainbowmarket.com/img/items/114/917EkiWI7ZxNi6S9biNtXnZQbB2XrqriZx2jNinS.jpg', 0, 114, '2021-05-15 11:12:46', '2021-05-15 11:12:46'),
(404, '6973497200014', '凤梨香气泡水 480ml', 'Ananas BomB480ml', 4.9, 0.48, 'https://management.newrainbowmarket.com/img/items/115/kk6kOyxuqmxLt3G7xGuFKBRdfGIAkVOUWxc8j4Zq.jpg', 13, 115, '2021-05-15 12:42:38', '2021-05-15 12:42:38'),
(405, '6973497200007', '柚气泡水 480ml', 'Pomelo BomB480ml', 4.9, 0.48, 'https://management.newrainbowmarket.com/img/items/115/Wj5BWaeJyfkcVJfOmta2BCSr857nWnxYDoyxq7ZE.jpg', 9, 115, '2021-05-15 12:42:38', '2021-05-15 12:42:38'),
(406, '6921707702117', '桃气泡水480ml', 'Peach BomB 480ml', 4.9, 0.48, 'https://management.newrainbowmarket.com/img/items/115/CxS2ODLhMENwsrxE5qsfFqEDnoFMXAUYVU4KEBZB.jpg', 0, 115, '2021-05-15 12:42:38', '2021-05-15 12:42:38'),
(407, '6921707702094', '桔气泡水 480ml', 'Orange BomB 480ml', 4.9, 0.48, 'https://management.newrainbowmarket.com/img/items/115/gfN6z9DV3qH7bXRrwnVhyWlEfdK7ea0AsoAuAADf.jpg', 12, 115, '2021-05-15 12:42:38', '2021-05-15 12:42:38'),
(408, '6921294350180', '拿铁350ml', 'Coffee Latte 350ml', 5.5, 0.35, 'https://management.newrainbowmarket.com/img/items/116/q0xFRihMogCNHlPQ4Vfp6pl4OIPHOHLfxojbjMlT.jpg', 6, 116, '2021-05-15 12:56:07', '2021-05-15 12:56:07'),
(409, '6957604000933', '海带片 香辣味30g', 'Kelp slices spicy 30g', 1.4, 0.03, 'https://management.newrainbowmarket.com/img/items/117/foftUxXz5trIi2sIvoTSTqvNbKTGcQEegfHNnqK8.jpg', 40, 117, '2021-05-20 10:43:23', '2021-05-20 10:43:23'),
(410, '6957604000919', '海带丝 香辣味40g', 'seaweed strips spicy 40g', 1.4, 0.03, 'https://management.newrainbowmarket.com/img/items/117/0Rp2H4XpsSjuqrJE4dpix8IoTifderNOETmO1hAv.jpg', 40, 117, '2021-05-20 10:43:23', '2021-05-20 10:43:23'),
(411, '6957604000780', '香脆藕片 黑鸭味30g', 'Crispy Lotus root slices duck flavor 30g', 1.4, 0.04, 'https://management.newrainbowmarket.com/img/items/117/RwVIaxmmtFCzhaUz7CBnhN5kp0tKw83JWZEYGaHT.jpg', 40, 117, '2021-05-20 10:43:23', '2021-05-20 10:43:23'),
(412, '6957604000698', '香糯土豆片 烧烤味32g', 'Potato Chips Barbecue Flavor 32g', 1.4, 0.3, 'https://management.newrainbowmarket.com/img/items/117/tYlU0deUzrhgTeSKKpxJ8FJMhwM9dD3JPqqjshcs.jpg', 40, 117, '2021-05-20 10:43:23', '2021-05-20 10:43:23'),
(413, '6957604000568', '香糯土豆片香辣味32g', 'Potato Chips Spicy Flavor 32g', 1.4, 0.03, 'https://management.newrainbowmarket.com/img/items/117/ot8JV3gqbxt1vwcc6g5XAUG0nJVpHrpFwMBrIt3s.jpg', 40, 117, '2021-05-20 10:43:23', '2021-05-20 10:43:23'),
(414, '6957604000452', '竹笋香辣味26g', 'Bamboo shoots Spicy 26g', 1.4, 0.03, 'https://management.newrainbowmarket.com/img/items/117/uTHQQnH6KTfstBAMeXd5ZMqTgAgm01iVKzoM3FuN.jpg', 40, 117, '2021-05-20 10:43:23', '2021-05-20 10:43:23'),
(415, '6957604000407', '杏鲍菇 香辣味30g', 'Pleurotus eryngii Spicy 30g', 1.4, 0.03, 'https://management.newrainbowmarket.com/img/items/117/IVsJ8TrCa8bNPI12kPk0JNAb6kVcoUcCRSVonAZy.jpg', 40, 117, '2021-05-20 10:43:23', '2021-05-20 10:43:23'),
(416, '6957604000384', '香脆藕片 香辣味30g', 'Crispy Lotus root slices spicy 30g', 1.4, 0.03, 'https://management.newrainbowmarket.com/img/items/117/QsEpKY0KR2fJG7Q0QIwrFEz4rJcNYyymqqHN0fH6.jpg', 40, 117, '2021-05-20 10:43:23', '2021-05-20 10:43:23'),
(417, '6957604000209', '甜脆萝卜36g', 'Crispy Radish 36g', 1.4, 0.03, 'https://management.newrainbowmarket.com/img/items/117/YvsQSHgvvHulpP4pJjeHMcAoEcpAhaTQsT9zcflR.jpg', 40, 117, '2021-05-20 10:43:23', '2021-05-20 10:43:23'),
(418, '6957604000148', '豆角 香辣味36g', 'Carob Spicy 36g', 1.4, 0.03, 'https://management.newrainbowmarket.com/img/items/117/wpfV2K7SgHpoTnvPZ3sSPorpYrYndvFdlyTZeonV.jpg', 40, 117, '2021-05-20 10:43:23', '2021-05-20 10:43:23'),
(419, '9551002810001', '香辣素食 400g', 'Spicy vege 400g', 18.9, 0.4, 'https://management.newrainbowmarket.com/img/items/118/UPFiuFYurpxfabUjjjtuJAhTcN9jnw3nNnPb748y.jpg', 17, 118, '2021-05-20 16:39:18', '2021-05-20 16:39:18'),
(420, '9551002810025', '番茄素食 425g', 'Tomato Vege 425g', 18.9, 0.425, 'https://management.newrainbowmarket.com/img/items/118/oGgolSzmZSP77EeDHqmGsRm2kv4s8WOylG2r8tNr.jpg', 17, 118, '2021-05-20 16:39:18', '2021-05-20 16:39:18'),
(421, '6940188804028', '肉松味瓜子仁', 'Meat Floss Seeds', 4.5, 0.07, NULL, 10, 7, '2021-05-20 16:52:16', '2021-05-20 16:52:16'),
(422, '6935284470031', '香辣 18g', 'Spicy 18g', 1.2, 0.02, 'https://management.newrainbowmarket.com/img/items/119/E9QAx5tvKGASF81IpQ7cF2Nazh8oNz48KIwEzYNL.jpg', 100, 119, '2021-05-20 17:06:51', '2021-05-20 17:06:51'),
(423, '6935284471076', '麻辣 18g', 'Mala 18g', 1.2, 0.02, 'https://management.newrainbowmarket.com/img/items/119/TFzJchFj1LxhrNvTmRCt5ZzMMDZygHiKUYUfRNHE.jpg', 100, 119, '2021-05-20 17:06:51', '2021-05-20 17:06:51'),
(424, '6935284415162', '酸辣 18g', 'Sour Spicy 18g', 1.2, 0.02, 'https://management.newrainbowmarket.com/img/items/119/0Hx5qlbovI2aOuEiu2ySERLvssHrMmxhNMX86NeG.jpg', 0, 119, '2021-05-20 17:06:51', '2021-05-20 17:06:51'),
(425, '6973047480019', '玉兰卤笋 238g', 'Magnolia Marinated Bamboo Shoots 238g', 9.5, 0.238, 'https://management.newrainbowmarket.com/img/items/120/nXI4kVwnQ0ku65RRwxCwts3tmW03BUYTzl620LwP.jpg', 10, 120, '2021-05-21 04:40:16', '2021-05-21 04:40:16'),
(426, '6973047480033', '酱香脆笋 238g', 'Crispy bamboo shoots 238g', 9.5, 0.238, 'https://management.newrainbowmarket.com/img/items/120/fKnABDAALqDv7QZ7bsIuXOzQBgEllKIKIwmCM9Fm.jpg', 8, 120, '2021-05-21 04:40:16', '2021-05-21 04:40:16'),
(427, '6973047480026', '油闷脆笋 238g', 'Oily crispy bamboo shoots 238g', 9.5, 0.238, 'https://management.newrainbowmarket.com/img/items/120/me9jE2Qz03DXWanRFjtXBFLNqbWX9L2iIiYYCCtJ.jpg', 9, 120, '2021-05-21 04:40:16', '2021-05-21 04:40:16'),
(428, '4713530613836', '香辣海带脆笋 118g', 'Spicy 118g', 5.8, 0.118, 'https://management.newrainbowmarket.com/img/items/121/94HBCgIckRooCS75K5sF6NwQngWEFSrlujQHtVkk.jpg', 9, 121, '2021-05-21 05:04:50', '2021-05-21 05:04:50'),
(429, '6926265355164', '甜辣味 50g', 'Sweet & spicy 50g', 4.6, 0.05, 'https://management.newrainbowmarket.com/img/items/122/7Gppr8rPMh5IFLE8PcgBare592pTTHuBFvSI0Fqy.jpg', 10, 122, '2021-05-21 05:33:23', '2021-05-21 05:33:23'),
(430, '6926265331816', '蜂蜜黄油味 50g', 'Honey butter 50g', 4.6, 0.05, 'https://management.newrainbowmarket.com/img/items/122/A2ai5pLItPPHuJBJj3pt1FhdsQTiZKWSx8k6roql.jpg', 9, 122, '2021-05-21 05:33:23', '2021-05-21 05:33:23'),
(431, '6909409040898', '烧烤味 50g', 'BBQ taste 50g', 4.6, 0.05, 'https://management.newrainbowmarket.com/img/items/122/FCmQeT4GtIl5zt2GGqBgcLQVxR9MpspfXJA1fIYz.jpg', 10, 122, '2021-05-21 05:33:23', '2021-05-21 05:33:23'),
(432, '9551002817529', '番茄什锦粉 116G', 'Tomato Assorted Vermicelli 116G', 6.9, 0.116, 'https://management.newrainbowmarket.com/img/items/123/WVyzVxqt47qJ7bg6hEByQMpbjhHypFaI6TJcbHSj.jpg', 12, 123, '2021-05-21 06:02:49', '2021-05-21 06:02:49'),
(433, '6926410321662', '葱油拌面110g', 'Scallion noodles 110g', 8, 0.11, 'https://management.newrainbowmarket.com/img/items/124/3W0h3fHvnKk0mOvknW31QHjZCxNyn1kq8Lg3WSRN.jpg', 10, 124, '2021-05-22 12:17:23', '2021-05-22 12:17:23'),
(434, '6926410321693', '姜鸭拌面 158g', 'Ginger Duck Noodles 158g', 8, 0.158, 'https://management.newrainbowmarket.com/img/items/124/qwGPTnWlZDB4av7vFx0ZCrr9l8RoaMcF4f5zIDl5.jpg', 10, 124, '2021-05-22 12:17:23', '2021-05-22 12:17:23'),
(435, '3233924102100', '饺子 300g', 'Dumpling 300g', 14.5, 0.3, 'https://management.newrainbowmarket.com/img/items/125/XpMsRe6icKAeTZ9epSZOJFyqpfKtATH72AataKIx.jpg', 5, 125, '2021-05-26 03:43:52', '2021-05-26 03:43:52'),
(436, '3173324112661', '芝士 15粒', 'Cheese 15pcs', 12.5, 0, NULL, 10, 126, '2021-05-26 05:11:06', '2021-05-26 05:11:06'),
(437, '3233924102087', '糯米鸡', 'Loh mai kai', 10.8, 0, NULL, 5, 127, '2021-05-26 05:17:37', '2021-05-26 05:17:37');
COMMIT;
